
 /----------------------------------------------------------------------------\
 |  yosys -- Yosys Open SYnthesis Suite                                       |
 |  Copyright (C) 2012 - 2025  Claire Xenia Wolf <claire@yosyshq.com>         |
 |  Distributed under an ISC-like license, type "license" to see terms        |
 \----------------------------------------------------------------------------/
 Yosys 0.52 (git sha1 fee39a3284c90249e1d9684cf6944ffbbcbb8f90)

-- Executing script file `/tmp/tmp.6NfF7ZySOm' --

1. Executing Verilog-2005 frontend: rtl/mac_pe.sv
Parsing SystemVerilog input from `rtl/mac_pe.sv' to AST representation.
Generating RTLIL representation for module `\mac_pe'.
Successfully finished Verilog frontend.

2. Executing Verilog-2005 frontend: rtl/mac_array.sv
Parsing SystemVerilog input from `rtl/mac_array.sv' to AST representation.
Generating RTLIL representation for module `\mac_array'.
Successfully finished Verilog frontend.

3. Executing Verilog-2005 frontend: rtl/matmul_controller.sv
Parsing SystemVerilog input from `rtl/matmul_controller.sv' to AST representation.
Generating RTLIL representation for module `\matmul_controller'.
Successfully finished Verilog frontend.

4. Executing Verilog-2005 frontend: rtl/int8_matmul.sv
Parsing SystemVerilog input from `rtl/int8_matmul.sv' to AST representation.
Generating RTLIL representation for module `\int8_matmul'.
Warning: Replacing memory \acc_matrix with list of registers. See rtl/int8_matmul.sv:143
Successfully finished Verilog frontend.

5. Executing HIERARCHY pass (managing design hierarchy).

5.1. Analyzing design hierarchy..
Top module:  \int8_matmul
Used module:     \mac_array
Used module:         \mac_pe
Used module:     \matmul_controller
Parameter \DATA_WIDTH = 8
Parameter \ACC_WIDTH = 18

5.2. Executing AST frontend in derive mode using pre-parsed AST for module `\mac_pe'.
Parameter \DATA_WIDTH = 8
Parameter \ACC_WIDTH = 18
Generating RTLIL representation for module `$paramod$b572e5330d9677b264dd29903d6653f1dbf2fa51\mac_pe'.
Parameter \DATA_WIDTH = 8
Parameter \ACC_WIDTH = 18
Found cached RTLIL representation for module `$paramod$b572e5330d9677b264dd29903d6653f1dbf2fa51\mac_pe'.
Parameter \DATA_WIDTH = 8
Parameter \ACC_WIDTH = 18
Found cached RTLIL representation for module `$paramod$b572e5330d9677b264dd29903d6653f1dbf2fa51\mac_pe'.
Parameter \DATA_WIDTH = 8
Parameter \ACC_WIDTH = 18
Found cached RTLIL representation for module `$paramod$b572e5330d9677b264dd29903d6653f1dbf2fa51\mac_pe'.
Parameter \DATA_WIDTH = 8
Parameter \ACC_WIDTH = 18
Found cached RTLIL representation for module `$paramod$b572e5330d9677b264dd29903d6653f1dbf2fa51\mac_pe'.
Parameter \DATA_WIDTH = 8
Parameter \ACC_WIDTH = 18
Found cached RTLIL representation for module `$paramod$b572e5330d9677b264dd29903d6653f1dbf2fa51\mac_pe'.
Parameter \DATA_WIDTH = 8
Parameter \ACC_WIDTH = 18
Found cached RTLIL representation for module `$paramod$b572e5330d9677b264dd29903d6653f1dbf2fa51\mac_pe'.
Parameter \DATA_WIDTH = 8
Parameter \ACC_WIDTH = 18
Found cached RTLIL representation for module `$paramod$b572e5330d9677b264dd29903d6653f1dbf2fa51\mac_pe'.
Parameter \DATA_WIDTH = 8
Parameter \ACC_WIDTH = 18
Found cached RTLIL representation for module `$paramod$b572e5330d9677b264dd29903d6653f1dbf2fa51\mac_pe'.
Parameter \DATA_WIDTH = 8
Parameter \ACC_WIDTH = 18
Found cached RTLIL representation for module `$paramod$b572e5330d9677b264dd29903d6653f1dbf2fa51\mac_pe'.
Parameter \DATA_WIDTH = 8
Parameter \ACC_WIDTH = 18
Found cached RTLIL representation for module `$paramod$b572e5330d9677b264dd29903d6653f1dbf2fa51\mac_pe'.
Parameter \DATA_WIDTH = 8
Parameter \ACC_WIDTH = 18
Found cached RTLIL representation for module `$paramod$b572e5330d9677b264dd29903d6653f1dbf2fa51\mac_pe'.
Parameter \DATA_WIDTH = 8
Parameter \ACC_WIDTH = 18
Found cached RTLIL representation for module `$paramod$b572e5330d9677b264dd29903d6653f1dbf2fa51\mac_pe'.
Parameter \DATA_WIDTH = 8
Parameter \ACC_WIDTH = 18
Found cached RTLIL representation for module `$paramod$b572e5330d9677b264dd29903d6653f1dbf2fa51\mac_pe'.
Parameter \DATA_WIDTH = 8
Parameter \ACC_WIDTH = 18
Found cached RTLIL representation for module `$paramod$b572e5330d9677b264dd29903d6653f1dbf2fa51\mac_pe'.
Parameter \DATA_WIDTH = 8
Parameter \ACC_WIDTH = 18
Found cached RTLIL representation for module `$paramod$b572e5330d9677b264dd29903d6653f1dbf2fa51\mac_pe'.
Parameter \DATA_WIDTH = 8
Parameter \ACC_WIDTH = 18
Found cached RTLIL representation for module `$paramod$b572e5330d9677b264dd29903d6653f1dbf2fa51\mac_pe'.
Parameter \DATA_WIDTH = 8
Parameter \ACC_WIDTH = 18
Found cached RTLIL representation for module `$paramod$b572e5330d9677b264dd29903d6653f1dbf2fa51\mac_pe'.
Parameter \DATA_WIDTH = 8
Parameter \ACC_WIDTH = 18
Found cached RTLIL representation for module `$paramod$b572e5330d9677b264dd29903d6653f1dbf2fa51\mac_pe'.
Parameter \DATA_WIDTH = 8
Parameter \ACC_WIDTH = 18
Found cached RTLIL representation for module `$paramod$b572e5330d9677b264dd29903d6653f1dbf2fa51\mac_pe'.
Parameter \DATA_WIDTH = 8
Parameter \ACC_WIDTH = 18
Found cached RTLIL representation for module `$paramod$b572e5330d9677b264dd29903d6653f1dbf2fa51\mac_pe'.
Parameter \DATA_WIDTH = 8
Parameter \ACC_WIDTH = 18
Found cached RTLIL representation for module `$paramod$b572e5330d9677b264dd29903d6653f1dbf2fa51\mac_pe'.
Parameter \DATA_WIDTH = 8
Parameter \ACC_WIDTH = 18
Found cached RTLIL representation for module `$paramod$b572e5330d9677b264dd29903d6653f1dbf2fa51\mac_pe'.
Parameter \DATA_WIDTH = 8
Parameter \ACC_WIDTH = 18
Found cached RTLIL representation for module `$paramod$b572e5330d9677b264dd29903d6653f1dbf2fa51\mac_pe'.
Parameter \DATA_WIDTH = 8
Parameter \ACC_WIDTH = 18
Found cached RTLIL representation for module `$paramod$b572e5330d9677b264dd29903d6653f1dbf2fa51\mac_pe'.
Parameter \DATA_WIDTH = 8
Parameter \ACC_WIDTH = 18
Found cached RTLIL representation for module `$paramod$b572e5330d9677b264dd29903d6653f1dbf2fa51\mac_pe'.
Parameter \DATA_WIDTH = 8
Parameter \ACC_WIDTH = 18
Found cached RTLIL representation for module `$paramod$b572e5330d9677b264dd29903d6653f1dbf2fa51\mac_pe'.
Parameter \DATA_WIDTH = 8
Parameter \ACC_WIDTH = 18
Found cached RTLIL representation for module `$paramod$b572e5330d9677b264dd29903d6653f1dbf2fa51\mac_pe'.
Parameter \DATA_WIDTH = 8
Parameter \ACC_WIDTH = 18
Found cached RTLIL representation for module `$paramod$b572e5330d9677b264dd29903d6653f1dbf2fa51\mac_pe'.
Parameter \DATA_WIDTH = 8
Parameter \ACC_WIDTH = 18
Found cached RTLIL representation for module `$paramod$b572e5330d9677b264dd29903d6653f1dbf2fa51\mac_pe'.
Parameter \DATA_WIDTH = 8
Parameter \ACC_WIDTH = 18
Found cached RTLIL representation for module `$paramod$b572e5330d9677b264dd29903d6653f1dbf2fa51\mac_pe'.
Parameter \DATA_WIDTH = 8
Parameter \ACC_WIDTH = 18
Found cached RTLIL representation for module `$paramod$b572e5330d9677b264dd29903d6653f1dbf2fa51\mac_pe'.
Parameter \DATA_WIDTH = 8
Parameter \ACC_WIDTH = 18
Found cached RTLIL representation for module `$paramod$b572e5330d9677b264dd29903d6653f1dbf2fa51\mac_pe'.
Parameter \DATA_WIDTH = 8
Parameter \ACC_WIDTH = 18
Found cached RTLIL representation for module `$paramod$b572e5330d9677b264dd29903d6653f1dbf2fa51\mac_pe'.
Parameter \DATA_WIDTH = 8
Parameter \ACC_WIDTH = 18
Found cached RTLIL representation for module `$paramod$b572e5330d9677b264dd29903d6653f1dbf2fa51\mac_pe'.
Parameter \DATA_WIDTH = 8
Parameter \ACC_WIDTH = 18
Found cached RTLIL representation for module `$paramod$b572e5330d9677b264dd29903d6653f1dbf2fa51\mac_pe'.
Parameter \DATA_WIDTH = 8
Parameter \ACC_WIDTH = 18
Found cached RTLIL representation for module `$paramod$b572e5330d9677b264dd29903d6653f1dbf2fa51\mac_pe'.
Parameter \DATA_WIDTH = 8
Parameter \ACC_WIDTH = 18
Found cached RTLIL representation for module `$paramod$b572e5330d9677b264dd29903d6653f1dbf2fa51\mac_pe'.
Parameter \DATA_WIDTH = 8
Parameter \ACC_WIDTH = 18
Found cached RTLIL representation for module `$paramod$b572e5330d9677b264dd29903d6653f1dbf2fa51\mac_pe'.
Parameter \DATA_WIDTH = 8
Parameter \ACC_WIDTH = 18
Found cached RTLIL representation for module `$paramod$b572e5330d9677b264dd29903d6653f1dbf2fa51\mac_pe'.
Parameter \DATA_WIDTH = 8
Parameter \ACC_WIDTH = 18
Found cached RTLIL representation for module `$paramod$b572e5330d9677b264dd29903d6653f1dbf2fa51\mac_pe'.
Parameter \DATA_WIDTH = 8
Parameter \ACC_WIDTH = 18
Found cached RTLIL representation for module `$paramod$b572e5330d9677b264dd29903d6653f1dbf2fa51\mac_pe'.
Parameter \DATA_WIDTH = 8
Parameter \ACC_WIDTH = 18
Found cached RTLIL representation for module `$paramod$b572e5330d9677b264dd29903d6653f1dbf2fa51\mac_pe'.
Parameter \DATA_WIDTH = 8
Parameter \ACC_WIDTH = 18
Found cached RTLIL representation for module `$paramod$b572e5330d9677b264dd29903d6653f1dbf2fa51\mac_pe'.
Parameter \DATA_WIDTH = 8
Parameter \ACC_WIDTH = 18
Found cached RTLIL representation for module `$paramod$b572e5330d9677b264dd29903d6653f1dbf2fa51\mac_pe'.
Parameter \DATA_WIDTH = 8
Parameter \ACC_WIDTH = 18
Found cached RTLIL representation for module `$paramod$b572e5330d9677b264dd29903d6653f1dbf2fa51\mac_pe'.
Parameter \DATA_WIDTH = 8
Parameter \ACC_WIDTH = 18
Found cached RTLIL representation for module `$paramod$b572e5330d9677b264dd29903d6653f1dbf2fa51\mac_pe'.
Parameter \DATA_WIDTH = 8
Parameter \ACC_WIDTH = 18
Found cached RTLIL representation for module `$paramod$b572e5330d9677b264dd29903d6653f1dbf2fa51\mac_pe'.
Parameter \DATA_WIDTH = 8
Parameter \ACC_WIDTH = 18
Found cached RTLIL representation for module `$paramod$b572e5330d9677b264dd29903d6653f1dbf2fa51\mac_pe'.
Parameter \DATA_WIDTH = 8
Parameter \ACC_WIDTH = 18
Found cached RTLIL representation for module `$paramod$b572e5330d9677b264dd29903d6653f1dbf2fa51\mac_pe'.
Parameter \DATA_WIDTH = 8
Parameter \ACC_WIDTH = 18
Found cached RTLIL representation for module `$paramod$b572e5330d9677b264dd29903d6653f1dbf2fa51\mac_pe'.
Parameter \DATA_WIDTH = 8
Parameter \ACC_WIDTH = 18
Found cached RTLIL representation for module `$paramod$b572e5330d9677b264dd29903d6653f1dbf2fa51\mac_pe'.
Parameter \DATA_WIDTH = 8
Parameter \ACC_WIDTH = 18
Found cached RTLIL representation for module `$paramod$b572e5330d9677b264dd29903d6653f1dbf2fa51\mac_pe'.
Parameter \DATA_WIDTH = 8
Parameter \ACC_WIDTH = 18
Found cached RTLIL representation for module `$paramod$b572e5330d9677b264dd29903d6653f1dbf2fa51\mac_pe'.
Parameter \DATA_WIDTH = 8
Parameter \ACC_WIDTH = 18
Found cached RTLIL representation for module `$paramod$b572e5330d9677b264dd29903d6653f1dbf2fa51\mac_pe'.
Parameter \DATA_WIDTH = 8
Parameter \ACC_WIDTH = 18
Found cached RTLIL representation for module `$paramod$b572e5330d9677b264dd29903d6653f1dbf2fa51\mac_pe'.
Parameter \DATA_WIDTH = 8
Parameter \ACC_WIDTH = 18
Found cached RTLIL representation for module `$paramod$b572e5330d9677b264dd29903d6653f1dbf2fa51\mac_pe'.
Parameter \DATA_WIDTH = 8
Parameter \ACC_WIDTH = 18
Found cached RTLIL representation for module `$paramod$b572e5330d9677b264dd29903d6653f1dbf2fa51\mac_pe'.
Parameter \DATA_WIDTH = 8
Parameter \ACC_WIDTH = 18
Found cached RTLIL representation for module `$paramod$b572e5330d9677b264dd29903d6653f1dbf2fa51\mac_pe'.
Parameter \DATA_WIDTH = 8
Parameter \ACC_WIDTH = 18
Found cached RTLIL representation for module `$paramod$b572e5330d9677b264dd29903d6653f1dbf2fa51\mac_pe'.
Parameter \DATA_WIDTH = 8
Parameter \ACC_WIDTH = 18
Found cached RTLIL representation for module `$paramod$b572e5330d9677b264dd29903d6653f1dbf2fa51\mac_pe'.
Parameter \DATA_WIDTH = 8
Parameter \ACC_WIDTH = 18
Found cached RTLIL representation for module `$paramod$b572e5330d9677b264dd29903d6653f1dbf2fa51\mac_pe'.
Parameter \DATA_WIDTH = 8
Parameter \ACC_WIDTH = 18
Found cached RTLIL representation for module `$paramod$b572e5330d9677b264dd29903d6653f1dbf2fa51\mac_pe'.
Parameter \DATA_WIDTH = 8
Parameter \ACC_WIDTH = 18
Found cached RTLIL representation for module `$paramod$b572e5330d9677b264dd29903d6653f1dbf2fa51\mac_pe'.
Parameter \MATRIX_SIZE = 8
Parameter \DATA_WIDTH = 8
Parameter \ACC_WIDTH = 18

5.3. Executing AST frontend in derive mode using pre-parsed AST for module `\mac_array'.
Parameter \MATRIX_SIZE = 8
Parameter \DATA_WIDTH = 8
Parameter \ACC_WIDTH = 18
Generating RTLIL representation for module `$paramod$e015902affcbab75975e2d8d85055e2252ddc068\mac_array'.

5.4. Analyzing design hierarchy..
Top module:  \int8_matmul
Used module:     $paramod$e015902affcbab75975e2d8d85055e2252ddc068\mac_array
Used module:         \mac_pe
Used module:     \matmul_controller
Parameter \DATA_WIDTH = 8
Parameter \ACC_WIDTH = 18
Found cached RTLIL representation for module `$paramod$b572e5330d9677b264dd29903d6653f1dbf2fa51\mac_pe'.
Parameter \DATA_WIDTH = 8
Parameter \ACC_WIDTH = 18
Found cached RTLIL representation for module `$paramod$b572e5330d9677b264dd29903d6653f1dbf2fa51\mac_pe'.
Parameter \DATA_WIDTH = 8
Parameter \ACC_WIDTH = 18
Found cached RTLIL representation for module `$paramod$b572e5330d9677b264dd29903d6653f1dbf2fa51\mac_pe'.
Parameter \DATA_WIDTH = 8
Parameter \ACC_WIDTH = 18
Found cached RTLIL representation for module `$paramod$b572e5330d9677b264dd29903d6653f1dbf2fa51\mac_pe'.
Parameter \DATA_WIDTH = 8
Parameter \ACC_WIDTH = 18
Found cached RTLIL representation for module `$paramod$b572e5330d9677b264dd29903d6653f1dbf2fa51\mac_pe'.
Parameter \DATA_WIDTH = 8
Parameter \ACC_WIDTH = 18
Found cached RTLIL representation for module `$paramod$b572e5330d9677b264dd29903d6653f1dbf2fa51\mac_pe'.
Parameter \DATA_WIDTH = 8
Parameter \ACC_WIDTH = 18
Found cached RTLIL representation for module `$paramod$b572e5330d9677b264dd29903d6653f1dbf2fa51\mac_pe'.
Parameter \DATA_WIDTH = 8
Parameter \ACC_WIDTH = 18
Found cached RTLIL representation for module `$paramod$b572e5330d9677b264dd29903d6653f1dbf2fa51\mac_pe'.
Parameter \DATA_WIDTH = 8
Parameter \ACC_WIDTH = 18
Found cached RTLIL representation for module `$paramod$b572e5330d9677b264dd29903d6653f1dbf2fa51\mac_pe'.
Parameter \DATA_WIDTH = 8
Parameter \ACC_WIDTH = 18
Found cached RTLIL representation for module `$paramod$b572e5330d9677b264dd29903d6653f1dbf2fa51\mac_pe'.
Parameter \DATA_WIDTH = 8
Parameter \ACC_WIDTH = 18
Found cached RTLIL representation for module `$paramod$b572e5330d9677b264dd29903d6653f1dbf2fa51\mac_pe'.
Parameter \DATA_WIDTH = 8
Parameter \ACC_WIDTH = 18
Found cached RTLIL representation for module `$paramod$b572e5330d9677b264dd29903d6653f1dbf2fa51\mac_pe'.
Parameter \DATA_WIDTH = 8
Parameter \ACC_WIDTH = 18
Found cached RTLIL representation for module `$paramod$b572e5330d9677b264dd29903d6653f1dbf2fa51\mac_pe'.
Parameter \DATA_WIDTH = 8
Parameter \ACC_WIDTH = 18
Found cached RTLIL representation for module `$paramod$b572e5330d9677b264dd29903d6653f1dbf2fa51\mac_pe'.
Parameter \DATA_WIDTH = 8
Parameter \ACC_WIDTH = 18
Found cached RTLIL representation for module `$paramod$b572e5330d9677b264dd29903d6653f1dbf2fa51\mac_pe'.
Parameter \DATA_WIDTH = 8
Parameter \ACC_WIDTH = 18
Found cached RTLIL representation for module `$paramod$b572e5330d9677b264dd29903d6653f1dbf2fa51\mac_pe'.
Parameter \DATA_WIDTH = 8
Parameter \ACC_WIDTH = 18
Found cached RTLIL representation for module `$paramod$b572e5330d9677b264dd29903d6653f1dbf2fa51\mac_pe'.
Parameter \DATA_WIDTH = 8
Parameter \ACC_WIDTH = 18
Found cached RTLIL representation for module `$paramod$b572e5330d9677b264dd29903d6653f1dbf2fa51\mac_pe'.
Parameter \DATA_WIDTH = 8
Parameter \ACC_WIDTH = 18
Found cached RTLIL representation for module `$paramod$b572e5330d9677b264dd29903d6653f1dbf2fa51\mac_pe'.
Parameter \DATA_WIDTH = 8
Parameter \ACC_WIDTH = 18
Found cached RTLIL representation for module `$paramod$b572e5330d9677b264dd29903d6653f1dbf2fa51\mac_pe'.
Parameter \DATA_WIDTH = 8
Parameter \ACC_WIDTH = 18
Found cached RTLIL representation for module `$paramod$b572e5330d9677b264dd29903d6653f1dbf2fa51\mac_pe'.
Parameter \DATA_WIDTH = 8
Parameter \ACC_WIDTH = 18
Found cached RTLIL representation for module `$paramod$b572e5330d9677b264dd29903d6653f1dbf2fa51\mac_pe'.
Parameter \DATA_WIDTH = 8
Parameter \ACC_WIDTH = 18
Found cached RTLIL representation for module `$paramod$b572e5330d9677b264dd29903d6653f1dbf2fa51\mac_pe'.
Parameter \DATA_WIDTH = 8
Parameter \ACC_WIDTH = 18
Found cached RTLIL representation for module `$paramod$b572e5330d9677b264dd29903d6653f1dbf2fa51\mac_pe'.
Parameter \DATA_WIDTH = 8
Parameter \ACC_WIDTH = 18
Found cached RTLIL representation for module `$paramod$b572e5330d9677b264dd29903d6653f1dbf2fa51\mac_pe'.
Parameter \DATA_WIDTH = 8
Parameter \ACC_WIDTH = 18
Found cached RTLIL representation for module `$paramod$b572e5330d9677b264dd29903d6653f1dbf2fa51\mac_pe'.
Parameter \DATA_WIDTH = 8
Parameter \ACC_WIDTH = 18
Found cached RTLIL representation for module `$paramod$b572e5330d9677b264dd29903d6653f1dbf2fa51\mac_pe'.
Parameter \DATA_WIDTH = 8
Parameter \ACC_WIDTH = 18
Found cached RTLIL representation for module `$paramod$b572e5330d9677b264dd29903d6653f1dbf2fa51\mac_pe'.
Parameter \DATA_WIDTH = 8
Parameter \ACC_WIDTH = 18
Found cached RTLIL representation for module `$paramod$b572e5330d9677b264dd29903d6653f1dbf2fa51\mac_pe'.
Parameter \DATA_WIDTH = 8
Parameter \ACC_WIDTH = 18
Found cached RTLIL representation for module `$paramod$b572e5330d9677b264dd29903d6653f1dbf2fa51\mac_pe'.
Parameter \DATA_WIDTH = 8
Parameter \ACC_WIDTH = 18
Found cached RTLIL representation for module `$paramod$b572e5330d9677b264dd29903d6653f1dbf2fa51\mac_pe'.
Parameter \DATA_WIDTH = 8
Parameter \ACC_WIDTH = 18
Found cached RTLIL representation for module `$paramod$b572e5330d9677b264dd29903d6653f1dbf2fa51\mac_pe'.
Parameter \DATA_WIDTH = 8
Parameter \ACC_WIDTH = 18
Found cached RTLIL representation for module `$paramod$b572e5330d9677b264dd29903d6653f1dbf2fa51\mac_pe'.
Parameter \DATA_WIDTH = 8
Parameter \ACC_WIDTH = 18
Found cached RTLIL representation for module `$paramod$b572e5330d9677b264dd29903d6653f1dbf2fa51\mac_pe'.
Parameter \DATA_WIDTH = 8
Parameter \ACC_WIDTH = 18
Found cached RTLIL representation for module `$paramod$b572e5330d9677b264dd29903d6653f1dbf2fa51\mac_pe'.
Parameter \DATA_WIDTH = 8
Parameter \ACC_WIDTH = 18
Found cached RTLIL representation for module `$paramod$b572e5330d9677b264dd29903d6653f1dbf2fa51\mac_pe'.
Parameter \DATA_WIDTH = 8
Parameter \ACC_WIDTH = 18
Found cached RTLIL representation for module `$paramod$b572e5330d9677b264dd29903d6653f1dbf2fa51\mac_pe'.
Parameter \DATA_WIDTH = 8
Parameter \ACC_WIDTH = 18
Found cached RTLIL representation for module `$paramod$b572e5330d9677b264dd29903d6653f1dbf2fa51\mac_pe'.
Parameter \DATA_WIDTH = 8
Parameter \ACC_WIDTH = 18
Found cached RTLIL representation for module `$paramod$b572e5330d9677b264dd29903d6653f1dbf2fa51\mac_pe'.
Parameter \DATA_WIDTH = 8
Parameter \ACC_WIDTH = 18
Found cached RTLIL representation for module `$paramod$b572e5330d9677b264dd29903d6653f1dbf2fa51\mac_pe'.
Parameter \DATA_WIDTH = 8
Parameter \ACC_WIDTH = 18
Found cached RTLIL representation for module `$paramod$b572e5330d9677b264dd29903d6653f1dbf2fa51\mac_pe'.
Parameter \DATA_WIDTH = 8
Parameter \ACC_WIDTH = 18
Found cached RTLIL representation for module `$paramod$b572e5330d9677b264dd29903d6653f1dbf2fa51\mac_pe'.
Parameter \DATA_WIDTH = 8
Parameter \ACC_WIDTH = 18
Found cached RTLIL representation for module `$paramod$b572e5330d9677b264dd29903d6653f1dbf2fa51\mac_pe'.
Parameter \DATA_WIDTH = 8
Parameter \ACC_WIDTH = 18
Found cached RTLIL representation for module `$paramod$b572e5330d9677b264dd29903d6653f1dbf2fa51\mac_pe'.
Parameter \DATA_WIDTH = 8
Parameter \ACC_WIDTH = 18
Found cached RTLIL representation for module `$paramod$b572e5330d9677b264dd29903d6653f1dbf2fa51\mac_pe'.
Parameter \DATA_WIDTH = 8
Parameter \ACC_WIDTH = 18
Found cached RTLIL representation for module `$paramod$b572e5330d9677b264dd29903d6653f1dbf2fa51\mac_pe'.
Parameter \DATA_WIDTH = 8
Parameter \ACC_WIDTH = 18
Found cached RTLIL representation for module `$paramod$b572e5330d9677b264dd29903d6653f1dbf2fa51\mac_pe'.
Parameter \DATA_WIDTH = 8
Parameter \ACC_WIDTH = 18
Found cached RTLIL representation for module `$paramod$b572e5330d9677b264dd29903d6653f1dbf2fa51\mac_pe'.
Parameter \DATA_WIDTH = 8
Parameter \ACC_WIDTH = 18
Found cached RTLIL representation for module `$paramod$b572e5330d9677b264dd29903d6653f1dbf2fa51\mac_pe'.
Parameter \DATA_WIDTH = 8
Parameter \ACC_WIDTH = 18
Found cached RTLIL representation for module `$paramod$b572e5330d9677b264dd29903d6653f1dbf2fa51\mac_pe'.
Parameter \DATA_WIDTH = 8
Parameter \ACC_WIDTH = 18
Found cached RTLIL representation for module `$paramod$b572e5330d9677b264dd29903d6653f1dbf2fa51\mac_pe'.
Parameter \DATA_WIDTH = 8
Parameter \ACC_WIDTH = 18
Found cached RTLIL representation for module `$paramod$b572e5330d9677b264dd29903d6653f1dbf2fa51\mac_pe'.
Parameter \DATA_WIDTH = 8
Parameter \ACC_WIDTH = 18
Found cached RTLIL representation for module `$paramod$b572e5330d9677b264dd29903d6653f1dbf2fa51\mac_pe'.
Parameter \DATA_WIDTH = 8
Parameter \ACC_WIDTH = 18
Found cached RTLIL representation for module `$paramod$b572e5330d9677b264dd29903d6653f1dbf2fa51\mac_pe'.
Parameter \DATA_WIDTH = 8
Parameter \ACC_WIDTH = 18
Found cached RTLIL representation for module `$paramod$b572e5330d9677b264dd29903d6653f1dbf2fa51\mac_pe'.
Parameter \DATA_WIDTH = 8
Parameter \ACC_WIDTH = 18
Found cached RTLIL representation for module `$paramod$b572e5330d9677b264dd29903d6653f1dbf2fa51\mac_pe'.
Parameter \DATA_WIDTH = 8
Parameter \ACC_WIDTH = 18
Found cached RTLIL representation for module `$paramod$b572e5330d9677b264dd29903d6653f1dbf2fa51\mac_pe'.
Parameter \DATA_WIDTH = 8
Parameter \ACC_WIDTH = 18
Found cached RTLIL representation for module `$paramod$b572e5330d9677b264dd29903d6653f1dbf2fa51\mac_pe'.
Parameter \DATA_WIDTH = 8
Parameter \ACC_WIDTH = 18
Found cached RTLIL representation for module `$paramod$b572e5330d9677b264dd29903d6653f1dbf2fa51\mac_pe'.
Parameter \DATA_WIDTH = 8
Parameter \ACC_WIDTH = 18
Found cached RTLIL representation for module `$paramod$b572e5330d9677b264dd29903d6653f1dbf2fa51\mac_pe'.
Parameter \DATA_WIDTH = 8
Parameter \ACC_WIDTH = 18
Found cached RTLIL representation for module `$paramod$b572e5330d9677b264dd29903d6653f1dbf2fa51\mac_pe'.
Parameter \DATA_WIDTH = 8
Parameter \ACC_WIDTH = 18
Found cached RTLIL representation for module `$paramod$b572e5330d9677b264dd29903d6653f1dbf2fa51\mac_pe'.
Parameter \DATA_WIDTH = 8
Parameter \ACC_WIDTH = 18
Found cached RTLIL representation for module `$paramod$b572e5330d9677b264dd29903d6653f1dbf2fa51\mac_pe'.
Parameter \DATA_WIDTH = 8
Parameter \ACC_WIDTH = 18
Found cached RTLIL representation for module `$paramod$b572e5330d9677b264dd29903d6653f1dbf2fa51\mac_pe'.

5.5. Analyzing design hierarchy..
Top module:  \int8_matmul
Used module:     $paramod$e015902affcbab75975e2d8d85055e2252ddc068\mac_array
Used module:         $paramod$b572e5330d9677b264dd29903d6653f1dbf2fa51\mac_pe
Used module:     \matmul_controller

5.6. Analyzing design hierarchy..
Top module:  \int8_matmul
Used module:     $paramod$e015902affcbab75975e2d8d85055e2252ddc068\mac_array
Used module:         $paramod$b572e5330d9677b264dd29903d6653f1dbf2fa51\mac_pe
Used module:     \matmul_controller
Removing unused module `\mac_array'.
Removing unused module `\mac_pe'.
Removed 2 unused modules.

6. Executing SYNTH pass.

6.1. Executing HIERARCHY pass (managing design hierarchy).

6.1.1. Analyzing design hierarchy..
Top module:  \int8_matmul
Used module:     $paramod$e015902affcbab75975e2d8d85055e2252ddc068\mac_array
Used module:         $paramod$b572e5330d9677b264dd29903d6653f1dbf2fa51\mac_pe
Used module:     \matmul_controller

6.1.2. Analyzing design hierarchy..
Top module:  \int8_matmul
Used module:     $paramod$e015902affcbab75975e2d8d85055e2252ddc068\mac_array
Used module:         $paramod$b572e5330d9677b264dd29903d6653f1dbf2fa51\mac_pe
Used module:     \matmul_controller
Removed 0 unused modules.

6.2. Executing PROC pass (convert processes to netlists).

6.2.1. Executing PROC_CLEAN pass (remove empty switches from decision trees).
Cleaned up 0 empty switches.

6.2.2. Executing PROC_RMDEAD pass (remove dead branches from decision trees).
Removed 1 dead cases from process $proc$rtl/int8_matmul.sv:0$646 in module int8_matmul.
Marked 2 switch rules as full_case in process $proc$rtl/int8_matmul.sv:0$646 in module int8_matmul.
Marked 2 switch rules as full_case in process $proc$rtl/int8_matmul.sv:105$629 in module int8_matmul.
Marked 6 switch rules as full_case in process $proc$rtl/matmul_controller.sv:0$609 in module matmul_controller.
Marked 7 switch rules as full_case in process $proc$rtl/matmul_controller.sv:108$594 in module matmul_controller.
Marked 7 switch rules as full_case in process $proc$rtl/matmul_controller.sv:0$580 in module matmul_controller.
Marked 1 switch rules as full_case in process $proc$rtl/mac_pe.sv:31$784 in module $paramod$b572e5330d9677b264dd29903d6653f1dbf2fa51\mac_pe.
Removed a total of 1 dead cases.

6.2.3. Executing PROC_PRUNE pass (remove redundant assignments in processes).
Removed 2 redundant assignments.
Promoted 80 assignments to connections.

6.2.4. Executing PROC_INIT pass (extract init attributes).

6.2.5. Executing PROC_ARST pass (detect async resets in processes).

6.2.6. Executing PROC_ROM pass (convert switches to ROMs).
Converted 0 switches.
<suppressed ~30 debug messages>

6.2.7. Executing PROC_MUX pass (convert decision trees to multiplexers).
Creating decoders for process `\int8_matmul.$proc$rtl/int8_matmul.sv:0$782'.
Creating decoders for process `\int8_matmul.$proc$rtl/int8_matmul.sv:0$646'.
     1/4: $2$mem2reg_rd$\acc_matrix$rtl/int8_matmul.sv:187$626_DATA[17:0]$653
     2/4: $1\data_out[17:0]
     3/4: $1$mem2reg_rd$\acc_matrix$rtl/int8_matmul.sv:187$626_DATA[17:0]$650
     4/4: $1$mem2reg_rd$\acc_matrix$rtl/int8_matmul.sv:187$626_ADDR[5:0]$649
Creating decoders for process `\int8_matmul.$proc$rtl/int8_matmul.sv:105$629'.
     1/6: $1$memwr$\b_matrix$rtl/int8_matmul.sv:113$628_EN[7:0]$643
     2/6: $1$memwr$\b_matrix$rtl/int8_matmul.sv:113$628_DATA[7:0]$642
     3/6: $1$memwr$\b_matrix$rtl/int8_matmul.sv:113$628_ADDR[31:0]$641
     4/6: $1$memwr$\a_matrix$rtl/int8_matmul.sv:108$627_EN[7:0]$638
     5/6: $1$memwr$\a_matrix$rtl/int8_matmul.sv:108$627_DATA[7:0]$637
     6/6: $1$memwr$\a_matrix$rtl/int8_matmul.sv:108$627_ADDR[31:0]$636
Creating decoders for process `\matmul_controller.$proc$rtl/matmul_controller.sv:0$609'.
     1/6: $1\out_valid[0:0]
     2/6: $1\mac_enable[0:0]
     3/6: $1\acc_clear[0:0]
     4/6: $1\b_write_en[0:0]
     5/6: $1\a_write_en[0:0]
     6/6: $1\busy[0:0]
Creating decoders for process `\matmul_controller.$proc$rtl/matmul_controller.sv:108$594'.
     1/5: $0\done[0:0]
     2/5: $0\state[2:0]
     3/5: $0\out_count[5:0]
     4/5: $0\load_count[5:0]
     5/5: $0\k_count[2:0]
Creating decoders for process `\matmul_controller.$proc$rtl/matmul_controller.sv:0$580'.
     1/7: $7\next_state[2:0]
     2/7: $6\next_state[2:0]
     3/7: $5\next_state[2:0]
     4/7: $4\next_state[2:0]
     5/7: $3\next_state[2:0]
     6/7: $2\next_state[2:0]
     7/7: $1\next_state[2:0]
Creating decoders for process `$paramod$b572e5330d9677b264dd29903d6653f1dbf2fa51\mac_pe.$proc$rtl/mac_pe.sv:31$784'.
     1/1: $0\acc_out[17:0]

6.2.8. Executing PROC_DLATCH pass (convert process syncs to latches).
No latch inferred for signal `\int8_matmul.\acc_matrix[0]' from process `\int8_matmul.$proc$rtl/int8_matmul.sv:0$782'.
No latch inferred for signal `\int8_matmul.\acc_matrix[1]' from process `\int8_matmul.$proc$rtl/int8_matmul.sv:0$782'.
No latch inferred for signal `\int8_matmul.\acc_matrix[2]' from process `\int8_matmul.$proc$rtl/int8_matmul.sv:0$782'.
No latch inferred for signal `\int8_matmul.\acc_matrix[3]' from process `\int8_matmul.$proc$rtl/int8_matmul.sv:0$782'.
No latch inferred for signal `\int8_matmul.\acc_matrix[4]' from process `\int8_matmul.$proc$rtl/int8_matmul.sv:0$782'.
No latch inferred for signal `\int8_matmul.\acc_matrix[5]' from process `\int8_matmul.$proc$rtl/int8_matmul.sv:0$782'.
No latch inferred for signal `\int8_matmul.\acc_matrix[6]' from process `\int8_matmul.$proc$rtl/int8_matmul.sv:0$782'.
No latch inferred for signal `\int8_matmul.\acc_matrix[7]' from process `\int8_matmul.$proc$rtl/int8_matmul.sv:0$782'.
No latch inferred for signal `\int8_matmul.\acc_matrix[8]' from process `\int8_matmul.$proc$rtl/int8_matmul.sv:0$782'.
No latch inferred for signal `\int8_matmul.\acc_matrix[9]' from process `\int8_matmul.$proc$rtl/int8_matmul.sv:0$782'.
No latch inferred for signal `\int8_matmul.\acc_matrix[10]' from process `\int8_matmul.$proc$rtl/int8_matmul.sv:0$782'.
No latch inferred for signal `\int8_matmul.\acc_matrix[11]' from process `\int8_matmul.$proc$rtl/int8_matmul.sv:0$782'.
No latch inferred for signal `\int8_matmul.\acc_matrix[12]' from process `\int8_matmul.$proc$rtl/int8_matmul.sv:0$782'.
No latch inferred for signal `\int8_matmul.\acc_matrix[13]' from process `\int8_matmul.$proc$rtl/int8_matmul.sv:0$782'.
No latch inferred for signal `\int8_matmul.\acc_matrix[14]' from process `\int8_matmul.$proc$rtl/int8_matmul.sv:0$782'.
No latch inferred for signal `\int8_matmul.\acc_matrix[15]' from process `\int8_matmul.$proc$rtl/int8_matmul.sv:0$782'.
No latch inferred for signal `\int8_matmul.\acc_matrix[16]' from process `\int8_matmul.$proc$rtl/int8_matmul.sv:0$782'.
No latch inferred for signal `\int8_matmul.\acc_matrix[17]' from process `\int8_matmul.$proc$rtl/int8_matmul.sv:0$782'.
No latch inferred for signal `\int8_matmul.\acc_matrix[18]' from process `\int8_matmul.$proc$rtl/int8_matmul.sv:0$782'.
No latch inferred for signal `\int8_matmul.\acc_matrix[19]' from process `\int8_matmul.$proc$rtl/int8_matmul.sv:0$782'.
No latch inferred for signal `\int8_matmul.\acc_matrix[20]' from process `\int8_matmul.$proc$rtl/int8_matmul.sv:0$782'.
No latch inferred for signal `\int8_matmul.\acc_matrix[21]' from process `\int8_matmul.$proc$rtl/int8_matmul.sv:0$782'.
No latch inferred for signal `\int8_matmul.\acc_matrix[22]' from process `\int8_matmul.$proc$rtl/int8_matmul.sv:0$782'.
No latch inferred for signal `\int8_matmul.\acc_matrix[23]' from process `\int8_matmul.$proc$rtl/int8_matmul.sv:0$782'.
No latch inferred for signal `\int8_matmul.\acc_matrix[24]' from process `\int8_matmul.$proc$rtl/int8_matmul.sv:0$782'.
No latch inferred for signal `\int8_matmul.\acc_matrix[25]' from process `\int8_matmul.$proc$rtl/int8_matmul.sv:0$782'.
No latch inferred for signal `\int8_matmul.\acc_matrix[26]' from process `\int8_matmul.$proc$rtl/int8_matmul.sv:0$782'.
No latch inferred for signal `\int8_matmul.\acc_matrix[27]' from process `\int8_matmul.$proc$rtl/int8_matmul.sv:0$782'.
No latch inferred for signal `\int8_matmul.\acc_matrix[28]' from process `\int8_matmul.$proc$rtl/int8_matmul.sv:0$782'.
No latch inferred for signal `\int8_matmul.\acc_matrix[29]' from process `\int8_matmul.$proc$rtl/int8_matmul.sv:0$782'.
No latch inferred for signal `\int8_matmul.\acc_matrix[30]' from process `\int8_matmul.$proc$rtl/int8_matmul.sv:0$782'.
No latch inferred for signal `\int8_matmul.\acc_matrix[31]' from process `\int8_matmul.$proc$rtl/int8_matmul.sv:0$782'.
No latch inferred for signal `\int8_matmul.\acc_matrix[32]' from process `\int8_matmul.$proc$rtl/int8_matmul.sv:0$782'.
No latch inferred for signal `\int8_matmul.\acc_matrix[33]' from process `\int8_matmul.$proc$rtl/int8_matmul.sv:0$782'.
No latch inferred for signal `\int8_matmul.\acc_matrix[34]' from process `\int8_matmul.$proc$rtl/int8_matmul.sv:0$782'.
No latch inferred for signal `\int8_matmul.\acc_matrix[35]' from process `\int8_matmul.$proc$rtl/int8_matmul.sv:0$782'.
No latch inferred for signal `\int8_matmul.\acc_matrix[36]' from process `\int8_matmul.$proc$rtl/int8_matmul.sv:0$782'.
No latch inferred for signal `\int8_matmul.\acc_matrix[37]' from process `\int8_matmul.$proc$rtl/int8_matmul.sv:0$782'.
No latch inferred for signal `\int8_matmul.\acc_matrix[38]' from process `\int8_matmul.$proc$rtl/int8_matmul.sv:0$782'.
No latch inferred for signal `\int8_matmul.\acc_matrix[39]' from process `\int8_matmul.$proc$rtl/int8_matmul.sv:0$782'.
No latch inferred for signal `\int8_matmul.\acc_matrix[40]' from process `\int8_matmul.$proc$rtl/int8_matmul.sv:0$782'.
No latch inferred for signal `\int8_matmul.\acc_matrix[41]' from process `\int8_matmul.$proc$rtl/int8_matmul.sv:0$782'.
No latch inferred for signal `\int8_matmul.\acc_matrix[42]' from process `\int8_matmul.$proc$rtl/int8_matmul.sv:0$782'.
No latch inferred for signal `\int8_matmul.\acc_matrix[43]' from process `\int8_matmul.$proc$rtl/int8_matmul.sv:0$782'.
No latch inferred for signal `\int8_matmul.\acc_matrix[44]' from process `\int8_matmul.$proc$rtl/int8_matmul.sv:0$782'.
No latch inferred for signal `\int8_matmul.\acc_matrix[45]' from process `\int8_matmul.$proc$rtl/int8_matmul.sv:0$782'.
No latch inferred for signal `\int8_matmul.\acc_matrix[46]' from process `\int8_matmul.$proc$rtl/int8_matmul.sv:0$782'.
No latch inferred for signal `\int8_matmul.\acc_matrix[47]' from process `\int8_matmul.$proc$rtl/int8_matmul.sv:0$782'.
No latch inferred for signal `\int8_matmul.\acc_matrix[48]' from process `\int8_matmul.$proc$rtl/int8_matmul.sv:0$782'.
No latch inferred for signal `\int8_matmul.\acc_matrix[49]' from process `\int8_matmul.$proc$rtl/int8_matmul.sv:0$782'.
No latch inferred for signal `\int8_matmul.\acc_matrix[50]' from process `\int8_matmul.$proc$rtl/int8_matmul.sv:0$782'.
No latch inferred for signal `\int8_matmul.\acc_matrix[51]' from process `\int8_matmul.$proc$rtl/int8_matmul.sv:0$782'.
No latch inferred for signal `\int8_matmul.\acc_matrix[52]' from process `\int8_matmul.$proc$rtl/int8_matmul.sv:0$782'.
No latch inferred for signal `\int8_matmul.\acc_matrix[53]' from process `\int8_matmul.$proc$rtl/int8_matmul.sv:0$782'.
No latch inferred for signal `\int8_matmul.\acc_matrix[54]' from process `\int8_matmul.$proc$rtl/int8_matmul.sv:0$782'.
No latch inferred for signal `\int8_matmul.\acc_matrix[55]' from process `\int8_matmul.$proc$rtl/int8_matmul.sv:0$782'.
No latch inferred for signal `\int8_matmul.\acc_matrix[56]' from process `\int8_matmul.$proc$rtl/int8_matmul.sv:0$782'.
No latch inferred for signal `\int8_matmul.\acc_matrix[57]' from process `\int8_matmul.$proc$rtl/int8_matmul.sv:0$782'.
No latch inferred for signal `\int8_matmul.\acc_matrix[58]' from process `\int8_matmul.$proc$rtl/int8_matmul.sv:0$782'.
No latch inferred for signal `\int8_matmul.\acc_matrix[59]' from process `\int8_matmul.$proc$rtl/int8_matmul.sv:0$782'.
No latch inferred for signal `\int8_matmul.\acc_matrix[60]' from process `\int8_matmul.$proc$rtl/int8_matmul.sv:0$782'.
No latch inferred for signal `\int8_matmul.\acc_matrix[61]' from process `\int8_matmul.$proc$rtl/int8_matmul.sv:0$782'.
No latch inferred for signal `\int8_matmul.\acc_matrix[62]' from process `\int8_matmul.$proc$rtl/int8_matmul.sv:0$782'.
No latch inferred for signal `\int8_matmul.\acc_matrix[63]' from process `\int8_matmul.$proc$rtl/int8_matmul.sv:0$782'.
No latch inferred for signal `\int8_matmul.\data_out' from process `\int8_matmul.$proc$rtl/int8_matmul.sv:0$646'.
No latch inferred for signal `\int8_matmul.$mem2reg_rd$\acc_matrix$rtl/int8_matmul.sv:187$626_ADDR' from process `\int8_matmul.$proc$rtl/int8_matmul.sv:0$646'.
No latch inferred for signal `\int8_matmul.$mem2reg_rd$\acc_matrix$rtl/int8_matmul.sv:187$626_DATA' from process `\int8_matmul.$proc$rtl/int8_matmul.sv:0$646'.
No latch inferred for signal `\matmul_controller.\acc_clear' from process `\matmul_controller.$proc$rtl/matmul_controller.sv:0$609'.
No latch inferred for signal `\matmul_controller.\mac_enable' from process `\matmul_controller.$proc$rtl/matmul_controller.sv:0$609'.
No latch inferred for signal `\matmul_controller.\a_write_en' from process `\matmul_controller.$proc$rtl/matmul_controller.sv:0$609'.
No latch inferred for signal `\matmul_controller.\b_write_en' from process `\matmul_controller.$proc$rtl/matmul_controller.sv:0$609'.
No latch inferred for signal `\matmul_controller.\out_valid' from process `\matmul_controller.$proc$rtl/matmul_controller.sv:0$609'.
No latch inferred for signal `\matmul_controller.\busy' from process `\matmul_controller.$proc$rtl/matmul_controller.sv:0$609'.
No latch inferred for signal `\matmul_controller.\next_state' from process `\matmul_controller.$proc$rtl/matmul_controller.sv:0$580'.

6.2.9. Executing PROC_DFF pass (convert process syncs to FFs).
Creating register for signal `\int8_matmul.$memwr$\a_matrix$rtl/int8_matmul.sv:108$627_ADDR' using process `\int8_matmul.$proc$rtl/int8_matmul.sv:105$629'.
  created $dff cell `$procdff$1619' with positive edge clock.
Creating register for signal `\int8_matmul.$memwr$\a_matrix$rtl/int8_matmul.sv:108$627_DATA' using process `\int8_matmul.$proc$rtl/int8_matmul.sv:105$629'.
  created $dff cell `$procdff$1620' with positive edge clock.
Creating register for signal `\int8_matmul.$memwr$\a_matrix$rtl/int8_matmul.sv:108$627_EN' using process `\int8_matmul.$proc$rtl/int8_matmul.sv:105$629'.
  created $dff cell `$procdff$1621' with positive edge clock.
Creating register for signal `\int8_matmul.$memwr$\b_matrix$rtl/int8_matmul.sv:113$628_ADDR' using process `\int8_matmul.$proc$rtl/int8_matmul.sv:105$629'.
  created $dff cell `$procdff$1622' with positive edge clock.
Creating register for signal `\int8_matmul.$memwr$\b_matrix$rtl/int8_matmul.sv:113$628_DATA' using process `\int8_matmul.$proc$rtl/int8_matmul.sv:105$629'.
  created $dff cell `$procdff$1623' with positive edge clock.
Creating register for signal `\int8_matmul.$memwr$\b_matrix$rtl/int8_matmul.sv:113$628_EN' using process `\int8_matmul.$proc$rtl/int8_matmul.sv:105$629'.
  created $dff cell `$procdff$1624' with positive edge clock.
Creating register for signal `\matmul_controller.\k_count' using process `\matmul_controller.$proc$rtl/matmul_controller.sv:108$594'.
  created $dff cell `$procdff$1625' with positive edge clock.
Creating register for signal `\matmul_controller.\load_count' using process `\matmul_controller.$proc$rtl/matmul_controller.sv:108$594'.
  created $dff cell `$procdff$1626' with positive edge clock.
Creating register for signal `\matmul_controller.\out_count' using process `\matmul_controller.$proc$rtl/matmul_controller.sv:108$594'.
  created $dff cell `$procdff$1627' with positive edge clock.
Creating register for signal `\matmul_controller.\done' using process `\matmul_controller.$proc$rtl/matmul_controller.sv:108$594'.
  created $dff cell `$procdff$1628' with positive edge clock.
Creating register for signal `\matmul_controller.\state' using process `\matmul_controller.$proc$rtl/matmul_controller.sv:108$594'.
  created $dff cell `$procdff$1629' with positive edge clock.
Creating register for signal `$paramod$b572e5330d9677b264dd29903d6653f1dbf2fa51\mac_pe.\acc_out' using process `$paramod$b572e5330d9677b264dd29903d6653f1dbf2fa51\mac_pe.$proc$rtl/mac_pe.sv:31$784'.
  created $dff cell `$procdff$1630' with positive edge clock.

6.2.10. Executing PROC_MEMWR pass (convert process memory writes to cells).

6.2.11. Executing PROC_CLEAN pass (remove empty switches from decision trees).
Removing empty process `int8_matmul.$proc$rtl/int8_matmul.sv:0$782'.
Found and cleaned up 2 empty switches in `\int8_matmul.$proc$rtl/int8_matmul.sv:0$646'.
Removing empty process `int8_matmul.$proc$rtl/int8_matmul.sv:0$646'.
Found and cleaned up 2 empty switches in `\int8_matmul.$proc$rtl/int8_matmul.sv:105$629'.
Removing empty process `int8_matmul.$proc$rtl/int8_matmul.sv:105$629'.
Found and cleaned up 6 empty switches in `\matmul_controller.$proc$rtl/matmul_controller.sv:0$609'.
Removing empty process `matmul_controller.$proc$rtl/matmul_controller.sv:0$609'.
Found and cleaned up 11 empty switches in `\matmul_controller.$proc$rtl/matmul_controller.sv:108$594'.
Removing empty process `matmul_controller.$proc$rtl/matmul_controller.sv:108$594'.
Found and cleaned up 7 empty switches in `\matmul_controller.$proc$rtl/matmul_controller.sv:0$580'.
Removing empty process `matmul_controller.$proc$rtl/matmul_controller.sv:0$580'.
Found and cleaned up 2 empty switches in `$paramod$b572e5330d9677b264dd29903d6653f1dbf2fa51\mac_pe.$proc$rtl/mac_pe.sv:31$784'.
Removing empty process `$paramod$b572e5330d9677b264dd29903d6653f1dbf2fa51\mac_pe.$proc$rtl/mac_pe.sv:31$784'.
Cleaned up 30 empty switches.

6.2.12. Executing OPT_EXPR pass (perform const folding).
Optimizing module int8_matmul.
<suppressed ~1 debug messages>
Optimizing module matmul_controller.
<suppressed ~13 debug messages>
Optimizing module $paramod$e015902affcbab75975e2d8d85055e2252ddc068\mac_array.
Optimizing module $paramod$b572e5330d9677b264dd29903d6653f1dbf2fa51\mac_pe.

6.3. Executing FLATTEN pass (flatten design).
Deleting now unused module matmul_controller.
Deleting now unused module $paramod$e015902affcbab75975e2d8d85055e2252ddc068\mac_array.
Deleting now unused module $paramod$b572e5330d9677b264dd29903d6653f1dbf2fa51\mac_pe.
<suppressed ~66 debug messages>

6.4. Executing OPT_EXPR pass (perform const folding).
Optimizing module int8_matmul.
<suppressed ~534 debug messages>

6.5. Executing OPT_CLEAN pass (remove unused cells and wires).
Finding unused cells or wires in module \int8_matmul..
Removed 9 unused cells and 904 unused wires.
<suppressed ~154 debug messages>

6.6. Executing CHECK pass (checking for obvious problems).
Checking module int8_matmul...
Found and reported 0 problems.

6.7. Executing OPT pass (performing simple optimizations).

6.7.1. Executing OPT_EXPR pass (perform const folding).
Optimizing module int8_matmul.

6.7.2. Executing OPT_MERGE pass (detect identical cells).
Finding identical cells in module `\int8_matmul'.
<suppressed ~789 debug messages>
Removed a total of 263 cells.

6.7.3. Executing OPT_MUXTREE pass (detect dead branches in mux trees).
Running muxtree optimizer on module \int8_matmul..
  Creating internal representation of mux trees.
  Evaluating internal representation of mux trees.
  Analyzing evaluation results.
    dead port 2/2 on $mux $flatten\u_controller.$procmux$1559.
    dead port 2/2 on $mux $flatten\u_controller.$procmux$1566.
    dead port 2/2 on $mux $flatten\u_controller.$procmux$1574.
    dead port 2/2 on $mux $flatten\u_controller.$procmux$1583.
    dead port 2/2 on $mux $flatten\u_controller.$procmux$1593.
    dead port 2/2 on $mux $flatten\u_controller.$procmux$1604.
    dead port 7/7 on $pmux $flatten\u_controller.$procmux$1607.
    dead port 2/2 on $mux $procmux$1428.
Removed 8 multiplexer ports.
<suppressed ~82 debug messages>

6.7.4. Executing OPT_REDUCE pass (consolidate $*mux and $reduce_* inputs).
  Optimizing cells in module \int8_matmul.
    New ctrl vector for $pmux cell $flatten\u_controller.$procmux$1540: { $flatten\u_controller.$eq$rtl/matmul_controller.sv:259$620_Y $flatten\u_controller.$eq$rtl/matmul_controller.sv:266$622_Y $auto$opt_reduce.cc:137:opt_pmux$1700 }
    New ctrl vector for $pmux cell $flatten\u_controller.$procmux$1517: { $flatten\u_controller.$eq$rtl/matmul_controller.sv:245$611_Y $flatten\u_controller.$eq$rtl/matmul_controller.sv:245$612_Y $flatten\u_controller.$eq$rtl/matmul_controller.sv:250$617_Y $auto$opt_reduce.cc:137:opt_pmux$1702 }
    New ctrl vector for $pmux cell $flatten\u_controller.$procmux$1486: $auto$opt_reduce.cc:137:opt_pmux$1704
    New ctrl vector for $pmux cell $flatten\u_controller.$procmux$1503: { $auto$opt_reduce.cc:137:opt_pmux$1706 $flatten\u_controller.$eq$rtl/matmul_controller.sv:266$622_Y $flatten\u_controller.$eq$rtl/matmul_controller.sv:274$623_Y }
    Consolidated identical input bits for $mux cell $procmux$1440:
      Old ports: A=8'00000000, B=8'11111111, Y=$0$memwr$\b_matrix$rtl/int8_matmul.sv:113$628_EN[7:0]$635
      New ports: A=1'0, B=1'1, Y=$0$memwr$\b_matrix$rtl/int8_matmul.sv:113$628_EN[7:0]$635 [0]
      New connections: $0$memwr$\b_matrix$rtl/int8_matmul.sv:113$628_EN[7:0]$635 [7:1] = { $0$memwr$\b_matrix$rtl/int8_matmul.sv:113$628_EN[7:0]$635 [0] $0$memwr$\b_matrix$rtl/int8_matmul.sv:113$628_EN[7:0]$635 [0] $0$memwr$\b_matrix$rtl/int8_matmul.sv:113$628_EN[7:0]$635 [0] $0$memwr$\b_matrix$rtl/int8_matmul.sv:113$628_EN[7:0]$635 [0] $0$memwr$\b_matrix$rtl/int8_matmul.sv:113$628_EN[7:0]$635 [0] $0$memwr$\b_matrix$rtl/int8_matmul.sv:113$628_EN[7:0]$635 [0] $0$memwr$\b_matrix$rtl/int8_matmul.sv:113$628_EN[7:0]$635 [0] }
    Consolidated identical input bits for $mux cell $procmux$1449:
      Old ports: A=8'00000000, B=8'11111111, Y=$0$memwr$\a_matrix$rtl/int8_matmul.sv:108$627_EN[7:0]$632
      New ports: A=1'0, B=1'1, Y=$0$memwr$\a_matrix$rtl/int8_matmul.sv:108$627_EN[7:0]$632 [0]
      New connections: $0$memwr$\a_matrix$rtl/int8_matmul.sv:108$627_EN[7:0]$632 [7:1] = { $0$memwr$\a_matrix$rtl/int8_matmul.sv:108$627_EN[7:0]$632 [0] $0$memwr$\a_matrix$rtl/int8_matmul.sv:108$627_EN[7:0]$632 [0] $0$memwr$\a_matrix$rtl/int8_matmul.sv:108$627_EN[7:0]$632 [0] $0$memwr$\a_matrix$rtl/int8_matmul.sv:108$627_EN[7:0]$632 [0] $0$memwr$\a_matrix$rtl/int8_matmul.sv:108$627_EN[7:0]$632 [0] $0$memwr$\a_matrix$rtl/int8_matmul.sv:108$627_EN[7:0]$632 [0] $0$memwr$\a_matrix$rtl/int8_matmul.sv:108$627_EN[7:0]$632 [0] }
  Optimizing cells in module \int8_matmul.
Performed a total of 6 changes.

6.7.5. Executing OPT_MERGE pass (detect identical cells).
Finding identical cells in module `\int8_matmul'.
<suppressed ~3 debug messages>
Removed a total of 1 cells.

6.7.6. Executing OPT_DFF pass (perform DFF optimizations).

6.7.7. Executing OPT_CLEAN pass (remove unused cells and wires).
Finding unused cells or wires in module \int8_matmul..
Removed 0 unused cells and 257 unused wires.
<suppressed ~1 debug messages>

6.7.8. Executing OPT_EXPR pass (perform const folding).
Optimizing module int8_matmul.

6.7.9. Rerunning OPT passes. (Maybe there is more to do..)

6.7.10. Executing OPT_MUXTREE pass (detect dead branches in mux trees).
Running muxtree optimizer on module \int8_matmul..
  Creating internal representation of mux trees.
  Evaluating internal representation of mux trees.
  Analyzing evaluation results.
Removed 0 multiplexer ports.
<suppressed ~83 debug messages>

6.7.11. Executing OPT_REDUCE pass (consolidate $*mux and $reduce_* inputs).
  Optimizing cells in module \int8_matmul.
Performed a total of 0 changes.

6.7.12. Executing OPT_MERGE pass (detect identical cells).
Finding identical cells in module `\int8_matmul'.
Removed a total of 0 cells.

6.7.13. Executing OPT_DFF pass (perform DFF optimizations).

6.7.14. Executing OPT_CLEAN pass (remove unused cells and wires).
Finding unused cells or wires in module \int8_matmul..

6.7.15. Executing OPT_EXPR pass (perform const folding).
Optimizing module int8_matmul.

6.7.16. Finished OPT passes. (There is nothing left to do.)

6.8. Executing FSM pass (extract and optimize FSM).

6.8.1. Executing FSM_DETECT pass (finding FSMs in design).
Not marking int8_matmul.u_controller.state as FSM state register:
    Users of register don't seem to benefit from recoding.

6.8.2. Executing FSM_EXTRACT pass (extracting FSM from design).

6.8.3. Executing FSM_OPT pass (simple optimizations of FSMs).

6.8.4. Executing OPT_CLEAN pass (remove unused cells and wires).
Finding unused cells or wires in module \int8_matmul..

6.8.5. Executing FSM_OPT pass (simple optimizations of FSMs).

6.8.6. Executing FSM_RECODE pass (re-assigning FSM state encoding).

6.8.7. Executing FSM_INFO pass (dumping all available information on FSM cells).

6.8.8. Executing FSM_MAP pass (mapping FSMs to basic logic).

6.9. Executing OPT pass (performing simple optimizations).

6.9.1. Executing OPT_EXPR pass (perform const folding).
Optimizing module int8_matmul.

6.9.2. Executing OPT_MERGE pass (detect identical cells).
Finding identical cells in module `\int8_matmul'.
Removed a total of 0 cells.

6.9.3. Executing OPT_MUXTREE pass (detect dead branches in mux trees).
Running muxtree optimizer on module \int8_matmul..
  Creating internal representation of mux trees.
  Evaluating internal representation of mux trees.
  Analyzing evaluation results.
Removed 0 multiplexer ports.
<suppressed ~83 debug messages>

6.9.4. Executing OPT_REDUCE pass (consolidate $*mux and $reduce_* inputs).
  Optimizing cells in module \int8_matmul.
Performed a total of 0 changes.

6.9.5. Executing OPT_MERGE pass (detect identical cells).
Finding identical cells in module `\int8_matmul'.
Removed a total of 0 cells.

6.9.6. Executing OPT_DFF pass (perform DFF optimizations).
Adding SRST signal on $flatten\u_mac_array.\gen_row[7].gen_col[7].u_mac_pe.$procdff$1630 ($dff) from module int8_matmul (D = $flatten\u_mac_array.\gen_row[7].gen_col[7].u_mac_pe.$procmux$1614_Y, Q = \u_mac_array.gen_row[7].gen_col[7].u_mac_pe.acc_out, rval = 18'000000000000000000).
Adding EN signal on $auto$ff.cc:266:slice$1707 ($sdff) from module int8_matmul (D = $flatten\u_mac_array.\gen_row[7].gen_col[7].u_mac_pe.$add$rtl/mac_pe.sv:36$785_Y, Q = \u_mac_array.gen_row[7].gen_col[7].u_mac_pe.acc_out).
Adding SRST signal on $flatten\u_mac_array.\gen_row[7].gen_col[6].u_mac_pe.$procdff$1630 ($dff) from module int8_matmul (D = $flatten\u_mac_array.\gen_row[7].gen_col[6].u_mac_pe.$procmux$1614_Y, Q = \u_mac_array.gen_row[7].gen_col[6].u_mac_pe.acc_out, rval = 18'000000000000000000).
Adding EN signal on $auto$ff.cc:266:slice$1709 ($sdff) from module int8_matmul (D = $flatten\u_mac_array.\gen_row[7].gen_col[6].u_mac_pe.$add$rtl/mac_pe.sv:36$785_Y, Q = \u_mac_array.gen_row[7].gen_col[6].u_mac_pe.acc_out).
Adding SRST signal on $flatten\u_mac_array.\gen_row[7].gen_col[5].u_mac_pe.$procdff$1630 ($dff) from module int8_matmul (D = $flatten\u_mac_array.\gen_row[7].gen_col[5].u_mac_pe.$procmux$1614_Y, Q = \u_mac_array.gen_row[7].gen_col[5].u_mac_pe.acc_out, rval = 18'000000000000000000).
Adding EN signal on $auto$ff.cc:266:slice$1711 ($sdff) from module int8_matmul (D = $flatten\u_mac_array.\gen_row[7].gen_col[5].u_mac_pe.$add$rtl/mac_pe.sv:36$785_Y, Q = \u_mac_array.gen_row[7].gen_col[5].u_mac_pe.acc_out).
Adding SRST signal on $flatten\u_mac_array.\gen_row[7].gen_col[4].u_mac_pe.$procdff$1630 ($dff) from module int8_matmul (D = $flatten\u_mac_array.\gen_row[7].gen_col[4].u_mac_pe.$procmux$1614_Y, Q = \u_mac_array.gen_row[7].gen_col[4].u_mac_pe.acc_out, rval = 18'000000000000000000).
Adding EN signal on $auto$ff.cc:266:slice$1713 ($sdff) from module int8_matmul (D = $flatten\u_mac_array.\gen_row[7].gen_col[4].u_mac_pe.$add$rtl/mac_pe.sv:36$785_Y, Q = \u_mac_array.gen_row[7].gen_col[4].u_mac_pe.acc_out).
Adding SRST signal on $flatten\u_mac_array.\gen_row[7].gen_col[3].u_mac_pe.$procdff$1630 ($dff) from module int8_matmul (D = $flatten\u_mac_array.\gen_row[7].gen_col[3].u_mac_pe.$procmux$1614_Y, Q = \u_mac_array.gen_row[7].gen_col[3].u_mac_pe.acc_out, rval = 18'000000000000000000).
Adding EN signal on $auto$ff.cc:266:slice$1715 ($sdff) from module int8_matmul (D = $flatten\u_mac_array.\gen_row[7].gen_col[3].u_mac_pe.$add$rtl/mac_pe.sv:36$785_Y, Q = \u_mac_array.gen_row[7].gen_col[3].u_mac_pe.acc_out).
Adding SRST signal on $flatten\u_mac_array.\gen_row[7].gen_col[2].u_mac_pe.$procdff$1630 ($dff) from module int8_matmul (D = $flatten\u_mac_array.\gen_row[7].gen_col[2].u_mac_pe.$procmux$1614_Y, Q = \u_mac_array.gen_row[7].gen_col[2].u_mac_pe.acc_out, rval = 18'000000000000000000).
Adding EN signal on $auto$ff.cc:266:slice$1717 ($sdff) from module int8_matmul (D = $flatten\u_mac_array.\gen_row[7].gen_col[2].u_mac_pe.$add$rtl/mac_pe.sv:36$785_Y, Q = \u_mac_array.gen_row[7].gen_col[2].u_mac_pe.acc_out).
Adding SRST signal on $flatten\u_mac_array.\gen_row[7].gen_col[1].u_mac_pe.$procdff$1630 ($dff) from module int8_matmul (D = $flatten\u_mac_array.\gen_row[7].gen_col[1].u_mac_pe.$procmux$1614_Y, Q = \u_mac_array.gen_row[7].gen_col[1].u_mac_pe.acc_out, rval = 18'000000000000000000).
Adding EN signal on $auto$ff.cc:266:slice$1719 ($sdff) from module int8_matmul (D = $flatten\u_mac_array.\gen_row[7].gen_col[1].u_mac_pe.$add$rtl/mac_pe.sv:36$785_Y, Q = \u_mac_array.gen_row[7].gen_col[1].u_mac_pe.acc_out).
Adding SRST signal on $flatten\u_mac_array.\gen_row[7].gen_col[0].u_mac_pe.$procdff$1630 ($dff) from module int8_matmul (D = $flatten\u_mac_array.\gen_row[7].gen_col[0].u_mac_pe.$procmux$1614_Y, Q = \u_mac_array.gen_row[7].gen_col[0].u_mac_pe.acc_out, rval = 18'000000000000000000).
Adding EN signal on $auto$ff.cc:266:slice$1721 ($sdff) from module int8_matmul (D = $flatten\u_mac_array.\gen_row[7].gen_col[0].u_mac_pe.$add$rtl/mac_pe.sv:36$785_Y, Q = \u_mac_array.gen_row[7].gen_col[0].u_mac_pe.acc_out).
Adding SRST signal on $flatten\u_mac_array.\gen_row[6].gen_col[7].u_mac_pe.$procdff$1630 ($dff) from module int8_matmul (D = $flatten\u_mac_array.\gen_row[6].gen_col[7].u_mac_pe.$procmux$1614_Y, Q = \u_mac_array.gen_row[6].gen_col[7].u_mac_pe.acc_out, rval = 18'000000000000000000).
Adding EN signal on $auto$ff.cc:266:slice$1723 ($sdff) from module int8_matmul (D = $flatten\u_mac_array.\gen_row[6].gen_col[7].u_mac_pe.$add$rtl/mac_pe.sv:36$785_Y, Q = \u_mac_array.gen_row[6].gen_col[7].u_mac_pe.acc_out).
Adding SRST signal on $flatten\u_mac_array.\gen_row[6].gen_col[6].u_mac_pe.$procdff$1630 ($dff) from module int8_matmul (D = $flatten\u_mac_array.\gen_row[6].gen_col[6].u_mac_pe.$procmux$1614_Y, Q = \u_mac_array.gen_row[6].gen_col[6].u_mac_pe.acc_out, rval = 18'000000000000000000).
Adding EN signal on $auto$ff.cc:266:slice$1725 ($sdff) from module int8_matmul (D = $flatten\u_mac_array.\gen_row[6].gen_col[6].u_mac_pe.$add$rtl/mac_pe.sv:36$785_Y, Q = \u_mac_array.gen_row[6].gen_col[6].u_mac_pe.acc_out).
Adding SRST signal on $flatten\u_mac_array.\gen_row[6].gen_col[5].u_mac_pe.$procdff$1630 ($dff) from module int8_matmul (D = $flatten\u_mac_array.\gen_row[6].gen_col[5].u_mac_pe.$procmux$1614_Y, Q = \u_mac_array.gen_row[6].gen_col[5].u_mac_pe.acc_out, rval = 18'000000000000000000).
Adding EN signal on $auto$ff.cc:266:slice$1727 ($sdff) from module int8_matmul (D = $flatten\u_mac_array.\gen_row[6].gen_col[5].u_mac_pe.$add$rtl/mac_pe.sv:36$785_Y, Q = \u_mac_array.gen_row[6].gen_col[5].u_mac_pe.acc_out).
Adding SRST signal on $flatten\u_mac_array.\gen_row[6].gen_col[4].u_mac_pe.$procdff$1630 ($dff) from module int8_matmul (D = $flatten\u_mac_array.\gen_row[6].gen_col[4].u_mac_pe.$procmux$1614_Y, Q = \u_mac_array.gen_row[6].gen_col[4].u_mac_pe.acc_out, rval = 18'000000000000000000).
Adding EN signal on $auto$ff.cc:266:slice$1729 ($sdff) from module int8_matmul (D = $flatten\u_mac_array.\gen_row[6].gen_col[4].u_mac_pe.$add$rtl/mac_pe.sv:36$785_Y, Q = \u_mac_array.gen_row[6].gen_col[4].u_mac_pe.acc_out).
Adding SRST signal on $flatten\u_mac_array.\gen_row[6].gen_col[3].u_mac_pe.$procdff$1630 ($dff) from module int8_matmul (D = $flatten\u_mac_array.\gen_row[6].gen_col[3].u_mac_pe.$procmux$1614_Y, Q = \u_mac_array.gen_row[6].gen_col[3].u_mac_pe.acc_out, rval = 18'000000000000000000).
Adding EN signal on $auto$ff.cc:266:slice$1731 ($sdff) from module int8_matmul (D = $flatten\u_mac_array.\gen_row[6].gen_col[3].u_mac_pe.$add$rtl/mac_pe.sv:36$785_Y, Q = \u_mac_array.gen_row[6].gen_col[3].u_mac_pe.acc_out).
Adding SRST signal on $flatten\u_mac_array.\gen_row[6].gen_col[2].u_mac_pe.$procdff$1630 ($dff) from module int8_matmul (D = $flatten\u_mac_array.\gen_row[6].gen_col[2].u_mac_pe.$procmux$1614_Y, Q = \u_mac_array.gen_row[6].gen_col[2].u_mac_pe.acc_out, rval = 18'000000000000000000).
Adding EN signal on $auto$ff.cc:266:slice$1733 ($sdff) from module int8_matmul (D = $flatten\u_mac_array.\gen_row[6].gen_col[2].u_mac_pe.$add$rtl/mac_pe.sv:36$785_Y, Q = \u_mac_array.gen_row[6].gen_col[2].u_mac_pe.acc_out).
Adding SRST signal on $flatten\u_mac_array.\gen_row[6].gen_col[1].u_mac_pe.$procdff$1630 ($dff) from module int8_matmul (D = $flatten\u_mac_array.\gen_row[6].gen_col[1].u_mac_pe.$procmux$1614_Y, Q = \u_mac_array.gen_row[6].gen_col[1].u_mac_pe.acc_out, rval = 18'000000000000000000).
Adding EN signal on $auto$ff.cc:266:slice$1735 ($sdff) from module int8_matmul (D = $flatten\u_mac_array.\gen_row[6].gen_col[1].u_mac_pe.$add$rtl/mac_pe.sv:36$785_Y, Q = \u_mac_array.gen_row[6].gen_col[1].u_mac_pe.acc_out).
Adding SRST signal on $flatten\u_mac_array.\gen_row[6].gen_col[0].u_mac_pe.$procdff$1630 ($dff) from module int8_matmul (D = $flatten\u_mac_array.\gen_row[6].gen_col[0].u_mac_pe.$procmux$1614_Y, Q = \u_mac_array.gen_row[6].gen_col[0].u_mac_pe.acc_out, rval = 18'000000000000000000).
Adding EN signal on $auto$ff.cc:266:slice$1737 ($sdff) from module int8_matmul (D = $flatten\u_mac_array.\gen_row[6].gen_col[0].u_mac_pe.$add$rtl/mac_pe.sv:36$785_Y, Q = \u_mac_array.gen_row[6].gen_col[0].u_mac_pe.acc_out).
Adding SRST signal on $flatten\u_mac_array.\gen_row[5].gen_col[7].u_mac_pe.$procdff$1630 ($dff) from module int8_matmul (D = $flatten\u_mac_array.\gen_row[5].gen_col[7].u_mac_pe.$procmux$1614_Y, Q = \u_mac_array.gen_row[5].gen_col[7].u_mac_pe.acc_out, rval = 18'000000000000000000).
Adding EN signal on $auto$ff.cc:266:slice$1739 ($sdff) from module int8_matmul (D = $flatten\u_mac_array.\gen_row[5].gen_col[7].u_mac_pe.$add$rtl/mac_pe.sv:36$785_Y, Q = \u_mac_array.gen_row[5].gen_col[7].u_mac_pe.acc_out).
Adding SRST signal on $flatten\u_mac_array.\gen_row[5].gen_col[6].u_mac_pe.$procdff$1630 ($dff) from module int8_matmul (D = $flatten\u_mac_array.\gen_row[5].gen_col[6].u_mac_pe.$procmux$1614_Y, Q = \u_mac_array.gen_row[5].gen_col[6].u_mac_pe.acc_out, rval = 18'000000000000000000).
Adding EN signal on $auto$ff.cc:266:slice$1741 ($sdff) from module int8_matmul (D = $flatten\u_mac_array.\gen_row[5].gen_col[6].u_mac_pe.$add$rtl/mac_pe.sv:36$785_Y, Q = \u_mac_array.gen_row[5].gen_col[6].u_mac_pe.acc_out).
Adding SRST signal on $flatten\u_mac_array.\gen_row[5].gen_col[5].u_mac_pe.$procdff$1630 ($dff) from module int8_matmul (D = $flatten\u_mac_array.\gen_row[5].gen_col[5].u_mac_pe.$procmux$1614_Y, Q = \u_mac_array.gen_row[5].gen_col[5].u_mac_pe.acc_out, rval = 18'000000000000000000).
Adding EN signal on $auto$ff.cc:266:slice$1743 ($sdff) from module int8_matmul (D = $flatten\u_mac_array.\gen_row[5].gen_col[5].u_mac_pe.$add$rtl/mac_pe.sv:36$785_Y, Q = \u_mac_array.gen_row[5].gen_col[5].u_mac_pe.acc_out).
Adding SRST signal on $flatten\u_mac_array.\gen_row[5].gen_col[4].u_mac_pe.$procdff$1630 ($dff) from module int8_matmul (D = $flatten\u_mac_array.\gen_row[5].gen_col[4].u_mac_pe.$procmux$1614_Y, Q = \u_mac_array.gen_row[5].gen_col[4].u_mac_pe.acc_out, rval = 18'000000000000000000).
Adding EN signal on $auto$ff.cc:266:slice$1745 ($sdff) from module int8_matmul (D = $flatten\u_mac_array.\gen_row[5].gen_col[4].u_mac_pe.$add$rtl/mac_pe.sv:36$785_Y, Q = \u_mac_array.gen_row[5].gen_col[4].u_mac_pe.acc_out).
Adding SRST signal on $flatten\u_mac_array.\gen_row[5].gen_col[3].u_mac_pe.$procdff$1630 ($dff) from module int8_matmul (D = $flatten\u_mac_array.\gen_row[5].gen_col[3].u_mac_pe.$procmux$1614_Y, Q = \u_mac_array.gen_row[5].gen_col[3].u_mac_pe.acc_out, rval = 18'000000000000000000).
Adding EN signal on $auto$ff.cc:266:slice$1747 ($sdff) from module int8_matmul (D = $flatten\u_mac_array.\gen_row[5].gen_col[3].u_mac_pe.$add$rtl/mac_pe.sv:36$785_Y, Q = \u_mac_array.gen_row[5].gen_col[3].u_mac_pe.acc_out).
Adding SRST signal on $flatten\u_mac_array.\gen_row[5].gen_col[2].u_mac_pe.$procdff$1630 ($dff) from module int8_matmul (D = $flatten\u_mac_array.\gen_row[5].gen_col[2].u_mac_pe.$procmux$1614_Y, Q = \u_mac_array.gen_row[5].gen_col[2].u_mac_pe.acc_out, rval = 18'000000000000000000).
Adding EN signal on $auto$ff.cc:266:slice$1749 ($sdff) from module int8_matmul (D = $flatten\u_mac_array.\gen_row[5].gen_col[2].u_mac_pe.$add$rtl/mac_pe.sv:36$785_Y, Q = \u_mac_array.gen_row[5].gen_col[2].u_mac_pe.acc_out).
Adding SRST signal on $flatten\u_mac_array.\gen_row[5].gen_col[1].u_mac_pe.$procdff$1630 ($dff) from module int8_matmul (D = $flatten\u_mac_array.\gen_row[5].gen_col[1].u_mac_pe.$procmux$1614_Y, Q = \u_mac_array.gen_row[5].gen_col[1].u_mac_pe.acc_out, rval = 18'000000000000000000).
Adding EN signal on $auto$ff.cc:266:slice$1751 ($sdff) from module int8_matmul (D = $flatten\u_mac_array.\gen_row[5].gen_col[1].u_mac_pe.$add$rtl/mac_pe.sv:36$785_Y, Q = \u_mac_array.gen_row[5].gen_col[1].u_mac_pe.acc_out).
Adding SRST signal on $flatten\u_mac_array.\gen_row[5].gen_col[0].u_mac_pe.$procdff$1630 ($dff) from module int8_matmul (D = $flatten\u_mac_array.\gen_row[5].gen_col[0].u_mac_pe.$procmux$1614_Y, Q = \u_mac_array.gen_row[5].gen_col[0].u_mac_pe.acc_out, rval = 18'000000000000000000).
Adding EN signal on $auto$ff.cc:266:slice$1753 ($sdff) from module int8_matmul (D = $flatten\u_mac_array.\gen_row[5].gen_col[0].u_mac_pe.$add$rtl/mac_pe.sv:36$785_Y, Q = \u_mac_array.gen_row[5].gen_col[0].u_mac_pe.acc_out).
Adding SRST signal on $flatten\u_mac_array.\gen_row[4].gen_col[7].u_mac_pe.$procdff$1630 ($dff) from module int8_matmul (D = $flatten\u_mac_array.\gen_row[4].gen_col[7].u_mac_pe.$procmux$1614_Y, Q = \u_mac_array.gen_row[4].gen_col[7].u_mac_pe.acc_out, rval = 18'000000000000000000).
Adding EN signal on $auto$ff.cc:266:slice$1755 ($sdff) from module int8_matmul (D = $flatten\u_mac_array.\gen_row[4].gen_col[7].u_mac_pe.$add$rtl/mac_pe.sv:36$785_Y, Q = \u_mac_array.gen_row[4].gen_col[7].u_mac_pe.acc_out).
Adding SRST signal on $flatten\u_mac_array.\gen_row[4].gen_col[6].u_mac_pe.$procdff$1630 ($dff) from module int8_matmul (D = $flatten\u_mac_array.\gen_row[4].gen_col[6].u_mac_pe.$procmux$1614_Y, Q = \u_mac_array.gen_row[4].gen_col[6].u_mac_pe.acc_out, rval = 18'000000000000000000).
Adding EN signal on $auto$ff.cc:266:slice$1757 ($sdff) from module int8_matmul (D = $flatten\u_mac_array.\gen_row[4].gen_col[6].u_mac_pe.$add$rtl/mac_pe.sv:36$785_Y, Q = \u_mac_array.gen_row[4].gen_col[6].u_mac_pe.acc_out).
Adding SRST signal on $flatten\u_mac_array.\gen_row[4].gen_col[5].u_mac_pe.$procdff$1630 ($dff) from module int8_matmul (D = $flatten\u_mac_array.\gen_row[4].gen_col[5].u_mac_pe.$procmux$1614_Y, Q = \u_mac_array.gen_row[4].gen_col[5].u_mac_pe.acc_out, rval = 18'000000000000000000).
Adding EN signal on $auto$ff.cc:266:slice$1759 ($sdff) from module int8_matmul (D = $flatten\u_mac_array.\gen_row[4].gen_col[5].u_mac_pe.$add$rtl/mac_pe.sv:36$785_Y, Q = \u_mac_array.gen_row[4].gen_col[5].u_mac_pe.acc_out).
Adding SRST signal on $flatten\u_mac_array.\gen_row[4].gen_col[4].u_mac_pe.$procdff$1630 ($dff) from module int8_matmul (D = $flatten\u_mac_array.\gen_row[4].gen_col[4].u_mac_pe.$procmux$1614_Y, Q = \u_mac_array.gen_row[4].gen_col[4].u_mac_pe.acc_out, rval = 18'000000000000000000).
Adding EN signal on $auto$ff.cc:266:slice$1761 ($sdff) from module int8_matmul (D = $flatten\u_mac_array.\gen_row[4].gen_col[4].u_mac_pe.$add$rtl/mac_pe.sv:36$785_Y, Q = \u_mac_array.gen_row[4].gen_col[4].u_mac_pe.acc_out).
Adding SRST signal on $flatten\u_mac_array.\gen_row[4].gen_col[3].u_mac_pe.$procdff$1630 ($dff) from module int8_matmul (D = $flatten\u_mac_array.\gen_row[4].gen_col[3].u_mac_pe.$procmux$1614_Y, Q = \u_mac_array.gen_row[4].gen_col[3].u_mac_pe.acc_out, rval = 18'000000000000000000).
Adding EN signal on $auto$ff.cc:266:slice$1763 ($sdff) from module int8_matmul (D = $flatten\u_mac_array.\gen_row[4].gen_col[3].u_mac_pe.$add$rtl/mac_pe.sv:36$785_Y, Q = \u_mac_array.gen_row[4].gen_col[3].u_mac_pe.acc_out).
Adding SRST signal on $flatten\u_mac_array.\gen_row[4].gen_col[2].u_mac_pe.$procdff$1630 ($dff) from module int8_matmul (D = $flatten\u_mac_array.\gen_row[4].gen_col[2].u_mac_pe.$procmux$1614_Y, Q = \u_mac_array.gen_row[4].gen_col[2].u_mac_pe.acc_out, rval = 18'000000000000000000).
Adding EN signal on $auto$ff.cc:266:slice$1765 ($sdff) from module int8_matmul (D = $flatten\u_mac_array.\gen_row[4].gen_col[2].u_mac_pe.$add$rtl/mac_pe.sv:36$785_Y, Q = \u_mac_array.gen_row[4].gen_col[2].u_mac_pe.acc_out).
Adding SRST signal on $flatten\u_mac_array.\gen_row[4].gen_col[1].u_mac_pe.$procdff$1630 ($dff) from module int8_matmul (D = $flatten\u_mac_array.\gen_row[4].gen_col[1].u_mac_pe.$procmux$1614_Y, Q = \u_mac_array.gen_row[4].gen_col[1].u_mac_pe.acc_out, rval = 18'000000000000000000).
Adding EN signal on $auto$ff.cc:266:slice$1767 ($sdff) from module int8_matmul (D = $flatten\u_mac_array.\gen_row[4].gen_col[1].u_mac_pe.$add$rtl/mac_pe.sv:36$785_Y, Q = \u_mac_array.gen_row[4].gen_col[1].u_mac_pe.acc_out).
Adding SRST signal on $flatten\u_mac_array.\gen_row[4].gen_col[0].u_mac_pe.$procdff$1630 ($dff) from module int8_matmul (D = $flatten\u_mac_array.\gen_row[4].gen_col[0].u_mac_pe.$procmux$1614_Y, Q = \u_mac_array.gen_row[4].gen_col[0].u_mac_pe.acc_out, rval = 18'000000000000000000).
Adding EN signal on $auto$ff.cc:266:slice$1769 ($sdff) from module int8_matmul (D = $flatten\u_mac_array.\gen_row[4].gen_col[0].u_mac_pe.$add$rtl/mac_pe.sv:36$785_Y, Q = \u_mac_array.gen_row[4].gen_col[0].u_mac_pe.acc_out).
Adding SRST signal on $flatten\u_mac_array.\gen_row[3].gen_col[7].u_mac_pe.$procdff$1630 ($dff) from module int8_matmul (D = $flatten\u_mac_array.\gen_row[3].gen_col[7].u_mac_pe.$procmux$1614_Y, Q = \u_mac_array.gen_row[3].gen_col[7].u_mac_pe.acc_out, rval = 18'000000000000000000).
Adding EN signal on $auto$ff.cc:266:slice$1771 ($sdff) from module int8_matmul (D = $flatten\u_mac_array.\gen_row[3].gen_col[7].u_mac_pe.$add$rtl/mac_pe.sv:36$785_Y, Q = \u_mac_array.gen_row[3].gen_col[7].u_mac_pe.acc_out).
Adding SRST signal on $flatten\u_mac_array.\gen_row[3].gen_col[6].u_mac_pe.$procdff$1630 ($dff) from module int8_matmul (D = $flatten\u_mac_array.\gen_row[3].gen_col[6].u_mac_pe.$procmux$1614_Y, Q = \u_mac_array.gen_row[3].gen_col[6].u_mac_pe.acc_out, rval = 18'000000000000000000).
Adding EN signal on $auto$ff.cc:266:slice$1773 ($sdff) from module int8_matmul (D = $flatten\u_mac_array.\gen_row[3].gen_col[6].u_mac_pe.$add$rtl/mac_pe.sv:36$785_Y, Q = \u_mac_array.gen_row[3].gen_col[6].u_mac_pe.acc_out).
Adding SRST signal on $flatten\u_mac_array.\gen_row[3].gen_col[5].u_mac_pe.$procdff$1630 ($dff) from module int8_matmul (D = $flatten\u_mac_array.\gen_row[3].gen_col[5].u_mac_pe.$procmux$1614_Y, Q = \u_mac_array.gen_row[3].gen_col[5].u_mac_pe.acc_out, rval = 18'000000000000000000).
Adding EN signal on $auto$ff.cc:266:slice$1775 ($sdff) from module int8_matmul (D = $flatten\u_mac_array.\gen_row[3].gen_col[5].u_mac_pe.$add$rtl/mac_pe.sv:36$785_Y, Q = \u_mac_array.gen_row[3].gen_col[5].u_mac_pe.acc_out).
Adding SRST signal on $flatten\u_mac_array.\gen_row[3].gen_col[4].u_mac_pe.$procdff$1630 ($dff) from module int8_matmul (D = $flatten\u_mac_array.\gen_row[3].gen_col[4].u_mac_pe.$procmux$1614_Y, Q = \u_mac_array.gen_row[3].gen_col[4].u_mac_pe.acc_out, rval = 18'000000000000000000).
Adding EN signal on $auto$ff.cc:266:slice$1777 ($sdff) from module int8_matmul (D = $flatten\u_mac_array.\gen_row[3].gen_col[4].u_mac_pe.$add$rtl/mac_pe.sv:36$785_Y, Q = \u_mac_array.gen_row[3].gen_col[4].u_mac_pe.acc_out).
Adding SRST signal on $flatten\u_mac_array.\gen_row[3].gen_col[3].u_mac_pe.$procdff$1630 ($dff) from module int8_matmul (D = $flatten\u_mac_array.\gen_row[3].gen_col[3].u_mac_pe.$procmux$1614_Y, Q = \u_mac_array.gen_row[3].gen_col[3].u_mac_pe.acc_out, rval = 18'000000000000000000).
Adding EN signal on $auto$ff.cc:266:slice$1779 ($sdff) from module int8_matmul (D = $flatten\u_mac_array.\gen_row[3].gen_col[3].u_mac_pe.$add$rtl/mac_pe.sv:36$785_Y, Q = \u_mac_array.gen_row[3].gen_col[3].u_mac_pe.acc_out).
Adding SRST signal on $flatten\u_mac_array.\gen_row[3].gen_col[2].u_mac_pe.$procdff$1630 ($dff) from module int8_matmul (D = $flatten\u_mac_array.\gen_row[3].gen_col[2].u_mac_pe.$procmux$1614_Y, Q = \u_mac_array.gen_row[3].gen_col[2].u_mac_pe.acc_out, rval = 18'000000000000000000).
Adding EN signal on $auto$ff.cc:266:slice$1781 ($sdff) from module int8_matmul (D = $flatten\u_mac_array.\gen_row[3].gen_col[2].u_mac_pe.$add$rtl/mac_pe.sv:36$785_Y, Q = \u_mac_array.gen_row[3].gen_col[2].u_mac_pe.acc_out).
Adding SRST signal on $flatten\u_mac_array.\gen_row[3].gen_col[1].u_mac_pe.$procdff$1630 ($dff) from module int8_matmul (D = $flatten\u_mac_array.\gen_row[3].gen_col[1].u_mac_pe.$procmux$1614_Y, Q = \u_mac_array.gen_row[3].gen_col[1].u_mac_pe.acc_out, rval = 18'000000000000000000).
Adding EN signal on $auto$ff.cc:266:slice$1783 ($sdff) from module int8_matmul (D = $flatten\u_mac_array.\gen_row[3].gen_col[1].u_mac_pe.$add$rtl/mac_pe.sv:36$785_Y, Q = \u_mac_array.gen_row[3].gen_col[1].u_mac_pe.acc_out).
Adding SRST signal on $flatten\u_mac_array.\gen_row[3].gen_col[0].u_mac_pe.$procdff$1630 ($dff) from module int8_matmul (D = $flatten\u_mac_array.\gen_row[3].gen_col[0].u_mac_pe.$procmux$1614_Y, Q = \u_mac_array.gen_row[3].gen_col[0].u_mac_pe.acc_out, rval = 18'000000000000000000).
Adding EN signal on $auto$ff.cc:266:slice$1785 ($sdff) from module int8_matmul (D = $flatten\u_mac_array.\gen_row[3].gen_col[0].u_mac_pe.$add$rtl/mac_pe.sv:36$785_Y, Q = \u_mac_array.gen_row[3].gen_col[0].u_mac_pe.acc_out).
Adding SRST signal on $flatten\u_mac_array.\gen_row[2].gen_col[7].u_mac_pe.$procdff$1630 ($dff) from module int8_matmul (D = $flatten\u_mac_array.\gen_row[2].gen_col[7].u_mac_pe.$procmux$1614_Y, Q = \u_mac_array.gen_row[2].gen_col[7].u_mac_pe.acc_out, rval = 18'000000000000000000).
Adding EN signal on $auto$ff.cc:266:slice$1787 ($sdff) from module int8_matmul (D = $flatten\u_mac_array.\gen_row[2].gen_col[7].u_mac_pe.$add$rtl/mac_pe.sv:36$785_Y, Q = \u_mac_array.gen_row[2].gen_col[7].u_mac_pe.acc_out).
Adding SRST signal on $flatten\u_mac_array.\gen_row[2].gen_col[6].u_mac_pe.$procdff$1630 ($dff) from module int8_matmul (D = $flatten\u_mac_array.\gen_row[2].gen_col[6].u_mac_pe.$procmux$1614_Y, Q = \u_mac_array.gen_row[2].gen_col[6].u_mac_pe.acc_out, rval = 18'000000000000000000).
Adding EN signal on $auto$ff.cc:266:slice$1789 ($sdff) from module int8_matmul (D = $flatten\u_mac_array.\gen_row[2].gen_col[6].u_mac_pe.$add$rtl/mac_pe.sv:36$785_Y, Q = \u_mac_array.gen_row[2].gen_col[6].u_mac_pe.acc_out).
Adding SRST signal on $flatten\u_mac_array.\gen_row[2].gen_col[5].u_mac_pe.$procdff$1630 ($dff) from module int8_matmul (D = $flatten\u_mac_array.\gen_row[2].gen_col[5].u_mac_pe.$procmux$1614_Y, Q = \u_mac_array.gen_row[2].gen_col[5].u_mac_pe.acc_out, rval = 18'000000000000000000).
Adding EN signal on $auto$ff.cc:266:slice$1791 ($sdff) from module int8_matmul (D = $flatten\u_mac_array.\gen_row[2].gen_col[5].u_mac_pe.$add$rtl/mac_pe.sv:36$785_Y, Q = \u_mac_array.gen_row[2].gen_col[5].u_mac_pe.acc_out).
Adding SRST signal on $flatten\u_mac_array.\gen_row[2].gen_col[4].u_mac_pe.$procdff$1630 ($dff) from module int8_matmul (D = $flatten\u_mac_array.\gen_row[2].gen_col[4].u_mac_pe.$procmux$1614_Y, Q = \u_mac_array.gen_row[2].gen_col[4].u_mac_pe.acc_out, rval = 18'000000000000000000).
Adding EN signal on $auto$ff.cc:266:slice$1793 ($sdff) from module int8_matmul (D = $flatten\u_mac_array.\gen_row[2].gen_col[4].u_mac_pe.$add$rtl/mac_pe.sv:36$785_Y, Q = \u_mac_array.gen_row[2].gen_col[4].u_mac_pe.acc_out).
Adding SRST signal on $flatten\u_mac_array.\gen_row[2].gen_col[3].u_mac_pe.$procdff$1630 ($dff) from module int8_matmul (D = $flatten\u_mac_array.\gen_row[2].gen_col[3].u_mac_pe.$procmux$1614_Y, Q = \u_mac_array.gen_row[2].gen_col[3].u_mac_pe.acc_out, rval = 18'000000000000000000).
Adding EN signal on $auto$ff.cc:266:slice$1795 ($sdff) from module int8_matmul (D = $flatten\u_mac_array.\gen_row[2].gen_col[3].u_mac_pe.$add$rtl/mac_pe.sv:36$785_Y, Q = \u_mac_array.gen_row[2].gen_col[3].u_mac_pe.acc_out).
Adding SRST signal on $flatten\u_mac_array.\gen_row[2].gen_col[2].u_mac_pe.$procdff$1630 ($dff) from module int8_matmul (D = $flatten\u_mac_array.\gen_row[2].gen_col[2].u_mac_pe.$procmux$1614_Y, Q = \u_mac_array.gen_row[2].gen_col[2].u_mac_pe.acc_out, rval = 18'000000000000000000).
Adding EN signal on $auto$ff.cc:266:slice$1797 ($sdff) from module int8_matmul (D = $flatten\u_mac_array.\gen_row[2].gen_col[2].u_mac_pe.$add$rtl/mac_pe.sv:36$785_Y, Q = \u_mac_array.gen_row[2].gen_col[2].u_mac_pe.acc_out).
Adding SRST signal on $flatten\u_mac_array.\gen_row[2].gen_col[1].u_mac_pe.$procdff$1630 ($dff) from module int8_matmul (D = $flatten\u_mac_array.\gen_row[2].gen_col[1].u_mac_pe.$procmux$1614_Y, Q = \u_mac_array.gen_row[2].gen_col[1].u_mac_pe.acc_out, rval = 18'000000000000000000).
Adding EN signal on $auto$ff.cc:266:slice$1799 ($sdff) from module int8_matmul (D = $flatten\u_mac_array.\gen_row[2].gen_col[1].u_mac_pe.$add$rtl/mac_pe.sv:36$785_Y, Q = \u_mac_array.gen_row[2].gen_col[1].u_mac_pe.acc_out).
Adding SRST signal on $flatten\u_mac_array.\gen_row[2].gen_col[0].u_mac_pe.$procdff$1630 ($dff) from module int8_matmul (D = $flatten\u_mac_array.\gen_row[2].gen_col[0].u_mac_pe.$procmux$1614_Y, Q = \u_mac_array.gen_row[2].gen_col[0].u_mac_pe.acc_out, rval = 18'000000000000000000).
Adding EN signal on $auto$ff.cc:266:slice$1801 ($sdff) from module int8_matmul (D = $flatten\u_mac_array.\gen_row[2].gen_col[0].u_mac_pe.$add$rtl/mac_pe.sv:36$785_Y, Q = \u_mac_array.gen_row[2].gen_col[0].u_mac_pe.acc_out).
Adding SRST signal on $flatten\u_mac_array.\gen_row[1].gen_col[7].u_mac_pe.$procdff$1630 ($dff) from module int8_matmul (D = $flatten\u_mac_array.\gen_row[1].gen_col[7].u_mac_pe.$procmux$1614_Y, Q = \u_mac_array.gen_row[1].gen_col[7].u_mac_pe.acc_out, rval = 18'000000000000000000).
Adding EN signal on $auto$ff.cc:266:slice$1803 ($sdff) from module int8_matmul (D = $flatten\u_mac_array.\gen_row[1].gen_col[7].u_mac_pe.$add$rtl/mac_pe.sv:36$785_Y, Q = \u_mac_array.gen_row[1].gen_col[7].u_mac_pe.acc_out).
Adding SRST signal on $flatten\u_mac_array.\gen_row[1].gen_col[6].u_mac_pe.$procdff$1630 ($dff) from module int8_matmul (D = $flatten\u_mac_array.\gen_row[1].gen_col[6].u_mac_pe.$procmux$1614_Y, Q = \u_mac_array.gen_row[1].gen_col[6].u_mac_pe.acc_out, rval = 18'000000000000000000).
Adding EN signal on $auto$ff.cc:266:slice$1805 ($sdff) from module int8_matmul (D = $flatten\u_mac_array.\gen_row[1].gen_col[6].u_mac_pe.$add$rtl/mac_pe.sv:36$785_Y, Q = \u_mac_array.gen_row[1].gen_col[6].u_mac_pe.acc_out).
Adding SRST signal on $flatten\u_mac_array.\gen_row[1].gen_col[5].u_mac_pe.$procdff$1630 ($dff) from module int8_matmul (D = $flatten\u_mac_array.\gen_row[1].gen_col[5].u_mac_pe.$procmux$1614_Y, Q = \u_mac_array.gen_row[1].gen_col[5].u_mac_pe.acc_out, rval = 18'000000000000000000).
Adding EN signal on $auto$ff.cc:266:slice$1807 ($sdff) from module int8_matmul (D = $flatten\u_mac_array.\gen_row[1].gen_col[5].u_mac_pe.$add$rtl/mac_pe.sv:36$785_Y, Q = \u_mac_array.gen_row[1].gen_col[5].u_mac_pe.acc_out).
Adding SRST signal on $flatten\u_mac_array.\gen_row[1].gen_col[4].u_mac_pe.$procdff$1630 ($dff) from module int8_matmul (D = $flatten\u_mac_array.\gen_row[1].gen_col[4].u_mac_pe.$procmux$1614_Y, Q = \u_mac_array.gen_row[1].gen_col[4].u_mac_pe.acc_out, rval = 18'000000000000000000).
Adding EN signal on $auto$ff.cc:266:slice$1809 ($sdff) from module int8_matmul (D = $flatten\u_mac_array.\gen_row[1].gen_col[4].u_mac_pe.$add$rtl/mac_pe.sv:36$785_Y, Q = \u_mac_array.gen_row[1].gen_col[4].u_mac_pe.acc_out).
Adding SRST signal on $flatten\u_mac_array.\gen_row[1].gen_col[3].u_mac_pe.$procdff$1630 ($dff) from module int8_matmul (D = $flatten\u_mac_array.\gen_row[1].gen_col[3].u_mac_pe.$procmux$1614_Y, Q = \u_mac_array.gen_row[1].gen_col[3].u_mac_pe.acc_out, rval = 18'000000000000000000).
Adding EN signal on $auto$ff.cc:266:slice$1811 ($sdff) from module int8_matmul (D = $flatten\u_mac_array.\gen_row[1].gen_col[3].u_mac_pe.$add$rtl/mac_pe.sv:36$785_Y, Q = \u_mac_array.gen_row[1].gen_col[3].u_mac_pe.acc_out).
Adding SRST signal on $flatten\u_mac_array.\gen_row[1].gen_col[2].u_mac_pe.$procdff$1630 ($dff) from module int8_matmul (D = $flatten\u_mac_array.\gen_row[1].gen_col[2].u_mac_pe.$procmux$1614_Y, Q = \u_mac_array.gen_row[1].gen_col[2].u_mac_pe.acc_out, rval = 18'000000000000000000).
Adding EN signal on $auto$ff.cc:266:slice$1813 ($sdff) from module int8_matmul (D = $flatten\u_mac_array.\gen_row[1].gen_col[2].u_mac_pe.$add$rtl/mac_pe.sv:36$785_Y, Q = \u_mac_array.gen_row[1].gen_col[2].u_mac_pe.acc_out).
Adding SRST signal on $flatten\u_mac_array.\gen_row[1].gen_col[1].u_mac_pe.$procdff$1630 ($dff) from module int8_matmul (D = $flatten\u_mac_array.\gen_row[1].gen_col[1].u_mac_pe.$procmux$1614_Y, Q = \u_mac_array.gen_row[1].gen_col[1].u_mac_pe.acc_out, rval = 18'000000000000000000).
Adding EN signal on $auto$ff.cc:266:slice$1815 ($sdff) from module int8_matmul (D = $flatten\u_mac_array.\gen_row[1].gen_col[1].u_mac_pe.$add$rtl/mac_pe.sv:36$785_Y, Q = \u_mac_array.gen_row[1].gen_col[1].u_mac_pe.acc_out).
Adding SRST signal on $flatten\u_mac_array.\gen_row[1].gen_col[0].u_mac_pe.$procdff$1630 ($dff) from module int8_matmul (D = $flatten\u_mac_array.\gen_row[1].gen_col[0].u_mac_pe.$procmux$1614_Y, Q = \u_mac_array.gen_row[1].gen_col[0].u_mac_pe.acc_out, rval = 18'000000000000000000).
Adding EN signal on $auto$ff.cc:266:slice$1817 ($sdff) from module int8_matmul (D = $flatten\u_mac_array.\gen_row[1].gen_col[0].u_mac_pe.$add$rtl/mac_pe.sv:36$785_Y, Q = \u_mac_array.gen_row[1].gen_col[0].u_mac_pe.acc_out).
Adding SRST signal on $flatten\u_mac_array.\gen_row[0].gen_col[7].u_mac_pe.$procdff$1630 ($dff) from module int8_matmul (D = $flatten\u_mac_array.\gen_row[0].gen_col[7].u_mac_pe.$procmux$1614_Y, Q = \u_mac_array.gen_row[0].gen_col[7].u_mac_pe.acc_out, rval = 18'000000000000000000).
Adding EN signal on $auto$ff.cc:266:slice$1819 ($sdff) from module int8_matmul (D = $flatten\u_mac_array.\gen_row[0].gen_col[7].u_mac_pe.$add$rtl/mac_pe.sv:36$785_Y, Q = \u_mac_array.gen_row[0].gen_col[7].u_mac_pe.acc_out).
Adding SRST signal on $flatten\u_mac_array.\gen_row[0].gen_col[6].u_mac_pe.$procdff$1630 ($dff) from module int8_matmul (D = $flatten\u_mac_array.\gen_row[0].gen_col[6].u_mac_pe.$procmux$1614_Y, Q = \u_mac_array.gen_row[0].gen_col[6].u_mac_pe.acc_out, rval = 18'000000000000000000).
Adding EN signal on $auto$ff.cc:266:slice$1821 ($sdff) from module int8_matmul (D = $flatten\u_mac_array.\gen_row[0].gen_col[6].u_mac_pe.$add$rtl/mac_pe.sv:36$785_Y, Q = \u_mac_array.gen_row[0].gen_col[6].u_mac_pe.acc_out).
Adding SRST signal on $flatten\u_mac_array.\gen_row[0].gen_col[5].u_mac_pe.$procdff$1630 ($dff) from module int8_matmul (D = $flatten\u_mac_array.\gen_row[0].gen_col[5].u_mac_pe.$procmux$1614_Y, Q = \u_mac_array.gen_row[0].gen_col[5].u_mac_pe.acc_out, rval = 18'000000000000000000).
Adding EN signal on $auto$ff.cc:266:slice$1823 ($sdff) from module int8_matmul (D = $flatten\u_mac_array.\gen_row[0].gen_col[5].u_mac_pe.$add$rtl/mac_pe.sv:36$785_Y, Q = \u_mac_array.gen_row[0].gen_col[5].u_mac_pe.acc_out).
Adding SRST signal on $flatten\u_mac_array.\gen_row[0].gen_col[4].u_mac_pe.$procdff$1630 ($dff) from module int8_matmul (D = $flatten\u_mac_array.\gen_row[0].gen_col[4].u_mac_pe.$procmux$1614_Y, Q = \u_mac_array.gen_row[0].gen_col[4].u_mac_pe.acc_out, rval = 18'000000000000000000).
Adding EN signal on $auto$ff.cc:266:slice$1825 ($sdff) from module int8_matmul (D = $flatten\u_mac_array.\gen_row[0].gen_col[4].u_mac_pe.$add$rtl/mac_pe.sv:36$785_Y, Q = \u_mac_array.gen_row[0].gen_col[4].u_mac_pe.acc_out).
Adding SRST signal on $flatten\u_mac_array.\gen_row[0].gen_col[3].u_mac_pe.$procdff$1630 ($dff) from module int8_matmul (D = $flatten\u_mac_array.\gen_row[0].gen_col[3].u_mac_pe.$procmux$1614_Y, Q = \u_mac_array.gen_row[0].gen_col[3].u_mac_pe.acc_out, rval = 18'000000000000000000).
Adding EN signal on $auto$ff.cc:266:slice$1827 ($sdff) from module int8_matmul (D = $flatten\u_mac_array.\gen_row[0].gen_col[3].u_mac_pe.$add$rtl/mac_pe.sv:36$785_Y, Q = \u_mac_array.gen_row[0].gen_col[3].u_mac_pe.acc_out).
Adding SRST signal on $flatten\u_mac_array.\gen_row[0].gen_col[2].u_mac_pe.$procdff$1630 ($dff) from module int8_matmul (D = $flatten\u_mac_array.\gen_row[0].gen_col[2].u_mac_pe.$procmux$1614_Y, Q = \u_mac_array.gen_row[0].gen_col[2].u_mac_pe.acc_out, rval = 18'000000000000000000).
Adding EN signal on $auto$ff.cc:266:slice$1829 ($sdff) from module int8_matmul (D = $flatten\u_mac_array.\gen_row[0].gen_col[2].u_mac_pe.$add$rtl/mac_pe.sv:36$785_Y, Q = \u_mac_array.gen_row[0].gen_col[2].u_mac_pe.acc_out).
Adding SRST signal on $flatten\u_mac_array.\gen_row[0].gen_col[1].u_mac_pe.$procdff$1630 ($dff) from module int8_matmul (D = $flatten\u_mac_array.\gen_row[0].gen_col[1].u_mac_pe.$procmux$1614_Y, Q = \u_mac_array.gen_row[0].gen_col[1].u_mac_pe.acc_out, rval = 18'000000000000000000).
Adding EN signal on $auto$ff.cc:266:slice$1831 ($sdff) from module int8_matmul (D = $flatten\u_mac_array.\gen_row[0].gen_col[1].u_mac_pe.$add$rtl/mac_pe.sv:36$785_Y, Q = \u_mac_array.gen_row[0].gen_col[1].u_mac_pe.acc_out).
Adding SRST signal on $flatten\u_mac_array.\gen_row[0].gen_col[0].u_mac_pe.$procdff$1630 ($dff) from module int8_matmul (D = $flatten\u_mac_array.\gen_row[0].gen_col[0].u_mac_pe.$procmux$1614_Y, Q = \u_mac_array.gen_row[0].gen_col[0].u_mac_pe.acc_out, rval = 18'000000000000000000).
Adding EN signal on $auto$ff.cc:266:slice$1833 ($sdff) from module int8_matmul (D = $flatten\u_mac_array.\gen_row[0].gen_col[0].u_mac_pe.$add$rtl/mac_pe.sv:36$785_Y, Q = \u_mac_array.gen_row[0].gen_col[0].u_mac_pe.acc_out).
Adding SRST signal on $flatten\u_controller.$procdff$1629 ($dff) from module int8_matmul (D = \u_controller.next_state, Q = \u_controller.state, rval = 3'000).
Adding EN signal on $auto$ff.cc:266:slice$1835 ($sdff) from module int8_matmul (D = \u_controller.next_state, Q = \u_controller.state).
Adding SRST signal on $flatten\u_controller.$procdff$1628 ($dff) from module int8_matmul (D = $flatten\u_controller.$procmux$1478_Y, Q = \u_controller.done, rval = 1'0).
Adding SRST signal on $flatten\u_controller.$procdff$1627 ($dff) from module int8_matmul (D = $flatten\u_controller.$procmux$1503_Y, Q = \u_controller.out_count, rval = 6'000000).
Adding EN signal on $auto$ff.cc:266:slice$1856 ($sdff) from module int8_matmul (D = $flatten\u_controller.$procmux$1503_Y, Q = \u_controller.out_count).
Adding SRST signal on $flatten\u_controller.$procdff$1626 ($dff) from module int8_matmul (D = $flatten\u_controller.$procmux$1517_Y, Q = \u_controller.load_count, rval = 6'000000).
Adding EN signal on $auto$ff.cc:266:slice$1864 ($sdff) from module int8_matmul (D = $flatten\u_controller.$procmux$1517_Y, Q = \u_controller.load_count).
Adding SRST signal on $flatten\u_controller.$procdff$1625 ($dff) from module int8_matmul (D = $flatten\u_controller.$procmux$1540_Y, Q = \u_controller.k_count, rval = 3'000).
Adding EN signal on $auto$ff.cc:266:slice$1876 ($sdff) from module int8_matmul (D = $flatten\u_controller.$procmux$1540_Y, Q = \u_controller.k_count).

6.9.7. Executing OPT_CLEAN pass (remove unused cells and wires).
Finding unused cells or wires in module \int8_matmul..
Removed 135 unused cells and 135 unused wires.
<suppressed ~136 debug messages>

6.9.8. Executing OPT_EXPR pass (perform const folding).
Optimizing module int8_matmul.
<suppressed ~4 debug messages>

6.9.9. Rerunning OPT passes. (Maybe there is more to do..)

6.9.10. Executing OPT_MUXTREE pass (detect dead branches in mux trees).
Running muxtree optimizer on module \int8_matmul..
  Creating internal representation of mux trees.
  Evaluating internal representation of mux trees.
  Analyzing evaluation results.
Removed 0 multiplexer ports.
<suppressed ~19 debug messages>

6.9.11. Executing OPT_REDUCE pass (consolidate $*mux and $reduce_* inputs).
  Optimizing cells in module \int8_matmul.
Performed a total of 0 changes.

6.9.12. Executing OPT_MERGE pass (detect identical cells).
Finding identical cells in module `\int8_matmul'.
<suppressed ~6 debug messages>
Removed a total of 2 cells.

6.9.13. Executing OPT_DFF pass (perform DFF optimizations).

6.9.14. Executing OPT_CLEAN pass (remove unused cells and wires).
Finding unused cells or wires in module \int8_matmul..
Removed 0 unused cells and 2 unused wires.
<suppressed ~1 debug messages>

6.9.15. Executing OPT_EXPR pass (perform const folding).
Optimizing module int8_matmul.

6.9.16. Rerunning OPT passes. (Maybe there is more to do..)

6.9.17. Executing OPT_MUXTREE pass (detect dead branches in mux trees).
Running muxtree optimizer on module \int8_matmul..
  Creating internal representation of mux trees.
  Evaluating internal representation of mux trees.
  Analyzing evaluation results.
Removed 0 multiplexer ports.
<suppressed ~19 debug messages>

6.9.18. Executing OPT_REDUCE pass (consolidate $*mux and $reduce_* inputs).
  Optimizing cells in module \int8_matmul.
Performed a total of 0 changes.

6.9.19. Executing OPT_MERGE pass (detect identical cells).
Finding identical cells in module `\int8_matmul'.
Removed a total of 0 cells.

6.9.20. Executing OPT_DFF pass (perform DFF optimizations).

6.9.21. Executing OPT_CLEAN pass (remove unused cells and wires).
Finding unused cells or wires in module \int8_matmul..

6.9.22. Executing OPT_EXPR pass (perform const folding).
Optimizing module int8_matmul.

6.9.23. Finished OPT passes. (There is nothing left to do.)

6.10. Executing WREDUCE pass (reducing word size of cells).
Removed top 26 address bits (of 32) from memory init port int8_matmul.$auto$proc_memwr.cc:45:proc_memwr$1631 (a_matrix).
Removed top 26 address bits (of 32) from memory init port int8_matmul.$auto$proc_memwr.cc:45:proc_memwr$1632 (b_matrix).
Removed top 26 address bits (of 32) from memory read port int8_matmul.$memrd$\a_matrix$rtl/int8_matmul.sv:136$654 (a_matrix).
Removed top 26 address bits (of 32) from memory read port int8_matmul.$memrd$\a_matrix$rtl/int8_matmul.sv:136$656 (a_matrix).
Removed top 26 address bits (of 32) from memory read port int8_matmul.$memrd$\a_matrix$rtl/int8_matmul.sv:136$658 (a_matrix).
Removed top 26 address bits (of 32) from memory read port int8_matmul.$memrd$\a_matrix$rtl/int8_matmul.sv:136$660 (a_matrix).
Removed top 26 address bits (of 32) from memory read port int8_matmul.$memrd$\a_matrix$rtl/int8_matmul.sv:136$662 (a_matrix).
Removed top 26 address bits (of 32) from memory read port int8_matmul.$memrd$\a_matrix$rtl/int8_matmul.sv:136$664 (a_matrix).
Removed top 26 address bits (of 32) from memory read port int8_matmul.$memrd$\a_matrix$rtl/int8_matmul.sv:136$666 (a_matrix).
Removed top 26 address bits (of 32) from memory read port int8_matmul.$memrd$\a_matrix$rtl/int8_matmul.sv:136$668 (a_matrix).
Removed top 26 address bits (of 32) from memory read port int8_matmul.$memrd$\a_matrix$rtl/int8_matmul.sv:136$670 (a_matrix).
Removed top 26 address bits (of 32) from memory read port int8_matmul.$memrd$\a_matrix$rtl/int8_matmul.sv:136$672 (a_matrix).
Removed top 26 address bits (of 32) from memory read port int8_matmul.$memrd$\a_matrix$rtl/int8_matmul.sv:136$674 (a_matrix).
Removed top 26 address bits (of 32) from memory read port int8_matmul.$memrd$\a_matrix$rtl/int8_matmul.sv:136$676 (a_matrix).
Removed top 26 address bits (of 32) from memory read port int8_matmul.$memrd$\a_matrix$rtl/int8_matmul.sv:136$678 (a_matrix).
Removed top 26 address bits (of 32) from memory read port int8_matmul.$memrd$\a_matrix$rtl/int8_matmul.sv:136$680 (a_matrix).
Removed top 26 address bits (of 32) from memory read port int8_matmul.$memrd$\a_matrix$rtl/int8_matmul.sv:136$682 (a_matrix).
Removed top 26 address bits (of 32) from memory read port int8_matmul.$memrd$\a_matrix$rtl/int8_matmul.sv:136$684 (a_matrix).
Removed top 26 address bits (of 32) from memory read port int8_matmul.$memrd$\a_matrix$rtl/int8_matmul.sv:136$686 (a_matrix).
Removed top 26 address bits (of 32) from memory read port int8_matmul.$memrd$\a_matrix$rtl/int8_matmul.sv:136$688 (a_matrix).
Removed top 26 address bits (of 32) from memory read port int8_matmul.$memrd$\a_matrix$rtl/int8_matmul.sv:136$690 (a_matrix).
Removed top 26 address bits (of 32) from memory read port int8_matmul.$memrd$\a_matrix$rtl/int8_matmul.sv:136$692 (a_matrix).
Removed top 26 address bits (of 32) from memory read port int8_matmul.$memrd$\a_matrix$rtl/int8_matmul.sv:136$694 (a_matrix).
Removed top 26 address bits (of 32) from memory read port int8_matmul.$memrd$\a_matrix$rtl/int8_matmul.sv:136$696 (a_matrix).
Removed top 26 address bits (of 32) from memory read port int8_matmul.$memrd$\a_matrix$rtl/int8_matmul.sv:136$698 (a_matrix).
Removed top 26 address bits (of 32) from memory read port int8_matmul.$memrd$\a_matrix$rtl/int8_matmul.sv:136$700 (a_matrix).
Removed top 26 address bits (of 32) from memory read port int8_matmul.$memrd$\a_matrix$rtl/int8_matmul.sv:136$702 (a_matrix).
Removed top 26 address bits (of 32) from memory read port int8_matmul.$memrd$\a_matrix$rtl/int8_matmul.sv:136$704 (a_matrix).
Removed top 26 address bits (of 32) from memory read port int8_matmul.$memrd$\a_matrix$rtl/int8_matmul.sv:136$706 (a_matrix).
Removed top 26 address bits (of 32) from memory read port int8_matmul.$memrd$\a_matrix$rtl/int8_matmul.sv:136$708 (a_matrix).
Removed top 26 address bits (of 32) from memory read port int8_matmul.$memrd$\a_matrix$rtl/int8_matmul.sv:136$710 (a_matrix).
Removed top 26 address bits (of 32) from memory read port int8_matmul.$memrd$\a_matrix$rtl/int8_matmul.sv:136$712 (a_matrix).
Removed top 26 address bits (of 32) from memory read port int8_matmul.$memrd$\a_matrix$rtl/int8_matmul.sv:136$714 (a_matrix).
Removed top 26 address bits (of 32) from memory read port int8_matmul.$memrd$\a_matrix$rtl/int8_matmul.sv:136$716 (a_matrix).
Removed top 26 address bits (of 32) from memory read port int8_matmul.$memrd$\a_matrix$rtl/int8_matmul.sv:136$718 (a_matrix).
Removed top 26 address bits (of 32) from memory read port int8_matmul.$memrd$\a_matrix$rtl/int8_matmul.sv:136$720 (a_matrix).
Removed top 26 address bits (of 32) from memory read port int8_matmul.$memrd$\a_matrix$rtl/int8_matmul.sv:136$722 (a_matrix).
Removed top 26 address bits (of 32) from memory read port int8_matmul.$memrd$\a_matrix$rtl/int8_matmul.sv:136$724 (a_matrix).
Removed top 26 address bits (of 32) from memory read port int8_matmul.$memrd$\a_matrix$rtl/int8_matmul.sv:136$726 (a_matrix).
Removed top 26 address bits (of 32) from memory read port int8_matmul.$memrd$\a_matrix$rtl/int8_matmul.sv:136$728 (a_matrix).
Removed top 26 address bits (of 32) from memory read port int8_matmul.$memrd$\a_matrix$rtl/int8_matmul.sv:136$730 (a_matrix).
Removed top 26 address bits (of 32) from memory read port int8_matmul.$memrd$\a_matrix$rtl/int8_matmul.sv:136$732 (a_matrix).
Removed top 26 address bits (of 32) from memory read port int8_matmul.$memrd$\a_matrix$rtl/int8_matmul.sv:136$734 (a_matrix).
Removed top 26 address bits (of 32) from memory read port int8_matmul.$memrd$\a_matrix$rtl/int8_matmul.sv:136$736 (a_matrix).
Removed top 26 address bits (of 32) from memory read port int8_matmul.$memrd$\a_matrix$rtl/int8_matmul.sv:136$738 (a_matrix).
Removed top 26 address bits (of 32) from memory read port int8_matmul.$memrd$\a_matrix$rtl/int8_matmul.sv:136$740 (a_matrix).
Removed top 26 address bits (of 32) from memory read port int8_matmul.$memrd$\a_matrix$rtl/int8_matmul.sv:136$742 (a_matrix).
Removed top 26 address bits (of 32) from memory read port int8_matmul.$memrd$\a_matrix$rtl/int8_matmul.sv:136$744 (a_matrix).
Removed top 26 address bits (of 32) from memory read port int8_matmul.$memrd$\a_matrix$rtl/int8_matmul.sv:136$746 (a_matrix).
Removed top 26 address bits (of 32) from memory read port int8_matmul.$memrd$\a_matrix$rtl/int8_matmul.sv:136$748 (a_matrix).
Removed top 26 address bits (of 32) from memory read port int8_matmul.$memrd$\a_matrix$rtl/int8_matmul.sv:136$750 (a_matrix).
Removed top 26 address bits (of 32) from memory read port int8_matmul.$memrd$\a_matrix$rtl/int8_matmul.sv:136$752 (a_matrix).
Removed top 26 address bits (of 32) from memory read port int8_matmul.$memrd$\a_matrix$rtl/int8_matmul.sv:136$754 (a_matrix).
Removed top 26 address bits (of 32) from memory read port int8_matmul.$memrd$\a_matrix$rtl/int8_matmul.sv:136$756 (a_matrix).
Removed top 26 address bits (of 32) from memory read port int8_matmul.$memrd$\a_matrix$rtl/int8_matmul.sv:136$758 (a_matrix).
Removed top 26 address bits (of 32) from memory read port int8_matmul.$memrd$\a_matrix$rtl/int8_matmul.sv:136$760 (a_matrix).
Removed top 26 address bits (of 32) from memory read port int8_matmul.$memrd$\a_matrix$rtl/int8_matmul.sv:136$762 (a_matrix).
Removed top 26 address bits (of 32) from memory read port int8_matmul.$memrd$\a_matrix$rtl/int8_matmul.sv:136$764 (a_matrix).
Removed top 26 address bits (of 32) from memory read port int8_matmul.$memrd$\a_matrix$rtl/int8_matmul.sv:136$766 (a_matrix).
Removed top 26 address bits (of 32) from memory read port int8_matmul.$memrd$\a_matrix$rtl/int8_matmul.sv:136$768 (a_matrix).
Removed top 26 address bits (of 32) from memory read port int8_matmul.$memrd$\a_matrix$rtl/int8_matmul.sv:136$770 (a_matrix).
Removed top 26 address bits (of 32) from memory read port int8_matmul.$memrd$\a_matrix$rtl/int8_matmul.sv:136$772 (a_matrix).
Removed top 26 address bits (of 32) from memory read port int8_matmul.$memrd$\a_matrix$rtl/int8_matmul.sv:136$774 (a_matrix).
Removed top 26 address bits (of 32) from memory read port int8_matmul.$memrd$\a_matrix$rtl/int8_matmul.sv:136$776 (a_matrix).
Removed top 26 address bits (of 32) from memory read port int8_matmul.$memrd$\a_matrix$rtl/int8_matmul.sv:136$778 (a_matrix).
Removed top 26 address bits (of 32) from memory read port int8_matmul.$memrd$\a_matrix$rtl/int8_matmul.sv:136$780 (a_matrix).
Removed top 26 address bits (of 32) from memory read port int8_matmul.$memrd$\b_matrix$rtl/int8_matmul.sv:141$655 (b_matrix).
Removed top 26 address bits (of 32) from memory read port int8_matmul.$memrd$\b_matrix$rtl/int8_matmul.sv:141$657 (b_matrix).
Removed top 26 address bits (of 32) from memory read port int8_matmul.$memrd$\b_matrix$rtl/int8_matmul.sv:141$659 (b_matrix).
Removed top 26 address bits (of 32) from memory read port int8_matmul.$memrd$\b_matrix$rtl/int8_matmul.sv:141$661 (b_matrix).
Removed top 26 address bits (of 32) from memory read port int8_matmul.$memrd$\b_matrix$rtl/int8_matmul.sv:141$663 (b_matrix).
Removed top 26 address bits (of 32) from memory read port int8_matmul.$memrd$\b_matrix$rtl/int8_matmul.sv:141$665 (b_matrix).
Removed top 26 address bits (of 32) from memory read port int8_matmul.$memrd$\b_matrix$rtl/int8_matmul.sv:141$667 (b_matrix).
Removed top 26 address bits (of 32) from memory read port int8_matmul.$memrd$\b_matrix$rtl/int8_matmul.sv:141$669 (b_matrix).
Removed top 26 address bits (of 32) from memory read port int8_matmul.$memrd$\b_matrix$rtl/int8_matmul.sv:141$671 (b_matrix).
Removed top 26 address bits (of 32) from memory read port int8_matmul.$memrd$\b_matrix$rtl/int8_matmul.sv:141$673 (b_matrix).
Removed top 26 address bits (of 32) from memory read port int8_matmul.$memrd$\b_matrix$rtl/int8_matmul.sv:141$675 (b_matrix).
Removed top 26 address bits (of 32) from memory read port int8_matmul.$memrd$\b_matrix$rtl/int8_matmul.sv:141$677 (b_matrix).
Removed top 26 address bits (of 32) from memory read port int8_matmul.$memrd$\b_matrix$rtl/int8_matmul.sv:141$679 (b_matrix).
Removed top 26 address bits (of 32) from memory read port int8_matmul.$memrd$\b_matrix$rtl/int8_matmul.sv:141$681 (b_matrix).
Removed top 26 address bits (of 32) from memory read port int8_matmul.$memrd$\b_matrix$rtl/int8_matmul.sv:141$683 (b_matrix).
Removed top 26 address bits (of 32) from memory read port int8_matmul.$memrd$\b_matrix$rtl/int8_matmul.sv:141$685 (b_matrix).
Removed top 26 address bits (of 32) from memory read port int8_matmul.$memrd$\b_matrix$rtl/int8_matmul.sv:141$687 (b_matrix).
Removed top 26 address bits (of 32) from memory read port int8_matmul.$memrd$\b_matrix$rtl/int8_matmul.sv:141$689 (b_matrix).
Removed top 26 address bits (of 32) from memory read port int8_matmul.$memrd$\b_matrix$rtl/int8_matmul.sv:141$691 (b_matrix).
Removed top 26 address bits (of 32) from memory read port int8_matmul.$memrd$\b_matrix$rtl/int8_matmul.sv:141$693 (b_matrix).
Removed top 26 address bits (of 32) from memory read port int8_matmul.$memrd$\b_matrix$rtl/int8_matmul.sv:141$695 (b_matrix).
Removed top 26 address bits (of 32) from memory read port int8_matmul.$memrd$\b_matrix$rtl/int8_matmul.sv:141$697 (b_matrix).
Removed top 26 address bits (of 32) from memory read port int8_matmul.$memrd$\b_matrix$rtl/int8_matmul.sv:141$699 (b_matrix).
Removed top 26 address bits (of 32) from memory read port int8_matmul.$memrd$\b_matrix$rtl/int8_matmul.sv:141$701 (b_matrix).
Removed top 26 address bits (of 32) from memory read port int8_matmul.$memrd$\b_matrix$rtl/int8_matmul.sv:141$703 (b_matrix).
Removed top 26 address bits (of 32) from memory read port int8_matmul.$memrd$\b_matrix$rtl/int8_matmul.sv:141$705 (b_matrix).
Removed top 26 address bits (of 32) from memory read port int8_matmul.$memrd$\b_matrix$rtl/int8_matmul.sv:141$707 (b_matrix).
Removed top 26 address bits (of 32) from memory read port int8_matmul.$memrd$\b_matrix$rtl/int8_matmul.sv:141$709 (b_matrix).
Removed top 26 address bits (of 32) from memory read port int8_matmul.$memrd$\b_matrix$rtl/int8_matmul.sv:141$711 (b_matrix).
Removed top 26 address bits (of 32) from memory read port int8_matmul.$memrd$\b_matrix$rtl/int8_matmul.sv:141$713 (b_matrix).
Removed top 26 address bits (of 32) from memory read port int8_matmul.$memrd$\b_matrix$rtl/int8_matmul.sv:141$715 (b_matrix).
Removed top 26 address bits (of 32) from memory read port int8_matmul.$memrd$\b_matrix$rtl/int8_matmul.sv:141$717 (b_matrix).
Removed top 26 address bits (of 32) from memory read port int8_matmul.$memrd$\b_matrix$rtl/int8_matmul.sv:141$719 (b_matrix).
Removed top 26 address bits (of 32) from memory read port int8_matmul.$memrd$\b_matrix$rtl/int8_matmul.sv:141$721 (b_matrix).
Removed top 26 address bits (of 32) from memory read port int8_matmul.$memrd$\b_matrix$rtl/int8_matmul.sv:141$723 (b_matrix).
Removed top 26 address bits (of 32) from memory read port int8_matmul.$memrd$\b_matrix$rtl/int8_matmul.sv:141$725 (b_matrix).
Removed top 26 address bits (of 32) from memory read port int8_matmul.$memrd$\b_matrix$rtl/int8_matmul.sv:141$727 (b_matrix).
Removed top 26 address bits (of 32) from memory read port int8_matmul.$memrd$\b_matrix$rtl/int8_matmul.sv:141$729 (b_matrix).
Removed top 26 address bits (of 32) from memory read port int8_matmul.$memrd$\b_matrix$rtl/int8_matmul.sv:141$731 (b_matrix).
Removed top 26 address bits (of 32) from memory read port int8_matmul.$memrd$\b_matrix$rtl/int8_matmul.sv:141$733 (b_matrix).
Removed top 26 address bits (of 32) from memory read port int8_matmul.$memrd$\b_matrix$rtl/int8_matmul.sv:141$735 (b_matrix).
Removed top 26 address bits (of 32) from memory read port int8_matmul.$memrd$\b_matrix$rtl/int8_matmul.sv:141$737 (b_matrix).
Removed top 26 address bits (of 32) from memory read port int8_matmul.$memrd$\b_matrix$rtl/int8_matmul.sv:141$739 (b_matrix).
Removed top 26 address bits (of 32) from memory read port int8_matmul.$memrd$\b_matrix$rtl/int8_matmul.sv:141$741 (b_matrix).
Removed top 26 address bits (of 32) from memory read port int8_matmul.$memrd$\b_matrix$rtl/int8_matmul.sv:141$743 (b_matrix).
Removed top 26 address bits (of 32) from memory read port int8_matmul.$memrd$\b_matrix$rtl/int8_matmul.sv:141$745 (b_matrix).
Removed top 26 address bits (of 32) from memory read port int8_matmul.$memrd$\b_matrix$rtl/int8_matmul.sv:141$747 (b_matrix).
Removed top 26 address bits (of 32) from memory read port int8_matmul.$memrd$\b_matrix$rtl/int8_matmul.sv:141$749 (b_matrix).
Removed top 26 address bits (of 32) from memory read port int8_matmul.$memrd$\b_matrix$rtl/int8_matmul.sv:141$751 (b_matrix).
Removed top 26 address bits (of 32) from memory read port int8_matmul.$memrd$\b_matrix$rtl/int8_matmul.sv:141$753 (b_matrix).
Removed top 26 address bits (of 32) from memory read port int8_matmul.$memrd$\b_matrix$rtl/int8_matmul.sv:141$755 (b_matrix).
Removed top 26 address bits (of 32) from memory read port int8_matmul.$memrd$\b_matrix$rtl/int8_matmul.sv:141$757 (b_matrix).
Removed top 26 address bits (of 32) from memory read port int8_matmul.$memrd$\b_matrix$rtl/int8_matmul.sv:141$759 (b_matrix).
Removed top 26 address bits (of 32) from memory read port int8_matmul.$memrd$\b_matrix$rtl/int8_matmul.sv:141$761 (b_matrix).
Removed top 26 address bits (of 32) from memory read port int8_matmul.$memrd$\b_matrix$rtl/int8_matmul.sv:141$763 (b_matrix).
Removed top 26 address bits (of 32) from memory read port int8_matmul.$memrd$\b_matrix$rtl/int8_matmul.sv:141$765 (b_matrix).
Removed top 26 address bits (of 32) from memory read port int8_matmul.$memrd$\b_matrix$rtl/int8_matmul.sv:141$767 (b_matrix).
Removed top 26 address bits (of 32) from memory read port int8_matmul.$memrd$\b_matrix$rtl/int8_matmul.sv:141$769 (b_matrix).
Removed top 26 address bits (of 32) from memory read port int8_matmul.$memrd$\b_matrix$rtl/int8_matmul.sv:141$771 (b_matrix).
Removed top 26 address bits (of 32) from memory read port int8_matmul.$memrd$\b_matrix$rtl/int8_matmul.sv:141$773 (b_matrix).
Removed top 26 address bits (of 32) from memory read port int8_matmul.$memrd$\b_matrix$rtl/int8_matmul.sv:141$775 (b_matrix).
Removed top 26 address bits (of 32) from memory read port int8_matmul.$memrd$\b_matrix$rtl/int8_matmul.sv:141$777 (b_matrix).
Removed top 26 address bits (of 32) from memory read port int8_matmul.$memrd$\b_matrix$rtl/int8_matmul.sv:141$779 (b_matrix).
Removed top 26 address bits (of 32) from memory read port int8_matmul.$memrd$\b_matrix$rtl/int8_matmul.sv:141$781 (b_matrix).
Removed top 26 bits (of 32) from mux cell int8_matmul.$procmux$1455 ($mux).
Removed top 26 bits (of 32) from mux cell int8_matmul.$procmux$1446 ($mux).
Removed top 5 bits (of 6) from port B of cell int8_matmul.$procmux$1426_CMP0 ($eq).
Removed top 4 bits (of 6) from port B of cell int8_matmul.$procmux$1425_CMP0 ($eq).
Removed top 4 bits (of 6) from port B of cell int8_matmul.$procmux$1424_CMP0 ($eq).
Removed top 3 bits (of 6) from port B of cell int8_matmul.$procmux$1423_CMP0 ($eq).
Removed top 3 bits (of 6) from port B of cell int8_matmul.$procmux$1422_CMP0 ($eq).
Removed top 3 bits (of 6) from port B of cell int8_matmul.$procmux$1421_CMP0 ($eq).
Removed top 3 bits (of 6) from port B of cell int8_matmul.$procmux$1420_CMP0 ($eq).
Removed top 2 bits (of 6) from port B of cell int8_matmul.$procmux$1419_CMP0 ($eq).
Removed top 2 bits (of 6) from port B of cell int8_matmul.$procmux$1418_CMP0 ($eq).
Removed top 2 bits (of 6) from port B of cell int8_matmul.$procmux$1417_CMP0 ($eq).
Removed top 2 bits (of 6) from port B of cell int8_matmul.$procmux$1416_CMP0 ($eq).
Removed top 2 bits (of 6) from port B of cell int8_matmul.$procmux$1415_CMP0 ($eq).
Removed top 2 bits (of 6) from port B of cell int8_matmul.$procmux$1414_CMP0 ($eq).
Removed top 2 bits (of 6) from port B of cell int8_matmul.$procmux$1413_CMP0 ($eq).
Removed top 2 bits (of 6) from port B of cell int8_matmul.$procmux$1412_CMP0 ($eq).
Removed top 1 bits (of 6) from port B of cell int8_matmul.$procmux$1411_CMP0 ($eq).
Removed top 1 bits (of 6) from port B of cell int8_matmul.$procmux$1410_CMP0 ($eq).
Removed top 1 bits (of 6) from port B of cell int8_matmul.$procmux$1409_CMP0 ($eq).
Removed top 1 bits (of 6) from port B of cell int8_matmul.$procmux$1408_CMP0 ($eq).
Removed top 1 bits (of 6) from port B of cell int8_matmul.$procmux$1407_CMP0 ($eq).
Removed top 1 bits (of 6) from port B of cell int8_matmul.$procmux$1406_CMP0 ($eq).
Removed top 1 bits (of 6) from port B of cell int8_matmul.$procmux$1405_CMP0 ($eq).
Removed top 1 bits (of 6) from port B of cell int8_matmul.$procmux$1404_CMP0 ($eq).
Removed top 1 bits (of 6) from port B of cell int8_matmul.$procmux$1403_CMP0 ($eq).
Removed top 1 bits (of 6) from port B of cell int8_matmul.$procmux$1402_CMP0 ($eq).
Removed top 1 bits (of 6) from port B of cell int8_matmul.$procmux$1401_CMP0 ($eq).
Removed top 1 bits (of 6) from port B of cell int8_matmul.$procmux$1400_CMP0 ($eq).
Removed top 1 bits (of 6) from port B of cell int8_matmul.$procmux$1399_CMP0 ($eq).
Removed top 1 bits (of 6) from port B of cell int8_matmul.$procmux$1398_CMP0 ($eq).
Removed top 1 bits (of 6) from port B of cell int8_matmul.$procmux$1397_CMP0 ($eq).
Removed top 1 bits (of 6) from port B of cell int8_matmul.$procmux$1396_CMP0 ($eq).
Removed top 26 bits (of 32) from port A of cell int8_matmul.$add$rtl/int8_matmul.sv:0$640 ($add).
Removed top 26 bits (of 32) from port Y of cell int8_matmul.$add$rtl/int8_matmul.sv:0$640 ($add).
Removed top 26 bits (of 32) from port A of cell int8_matmul.$add$rtl/int8_matmul.sv:0$652 ($add).
Removed top 26 bits (of 32) from port Y of cell int8_matmul.$add$rtl/int8_matmul.sv:0$652 ($add).
Removed top 1 bits (of 2) from port B of cell int8_matmul.$auto$opt_dff.cc:195:make_patterns_logic$1871 ($ne).
Removed top 1 bits (of 2) from port B of cell int8_matmul.$auto$opt_dff.cc:195:make_patterns_logic$1869 ($ne).
Removed top 1 bits (of 2) from port B of cell int8_matmul.$auto$opt_dff.cc:195:make_patterns_logic$1867 ($ne).
Removed top 1 bits (of 2) from port B of cell int8_matmul.$auto$opt_dff.cc:195:make_patterns_logic$1848 ($ne).
Removed top 1 bits (of 2) from port B of cell int8_matmul.$auto$opt_dff.cc:195:make_patterns_logic$1846 ($ne).
Removed top 1 bits (of 2) from port B of cell int8_matmul.$auto$opt_dff.cc:195:make_patterns_logic$1850 ($ne).
Removed top 1 bits (of 2) from port B of cell int8_matmul.$auto$opt_dff.cc:195:make_patterns_logic$1844 ($ne).
Removed top 1 bits (of 3) from port B of cell int8_matmul.$flatten\u_controller.$eq$rtl/matmul_controller.sv:259$620 ($eq).
Removed top 1 bits (of 3) from port B of cell int8_matmul.$flatten\u_controller.$eq$rtl/matmul_controller.sv:250$617 ($eq).
Removed top 2 bits (of 3) from port B of cell int8_matmul.$flatten\u_controller.$eq$rtl/matmul_controller.sv:245$612 ($eq).
Removed top 5 bits (of 6) from port B of cell int8_matmul.$flatten\u_controller.$add$rtl/matmul_controller.sv:207$608 ($add).
Removed top 2 bits (of 3) from port B of cell int8_matmul.$flatten\u_controller.$add$rtl/matmul_controller.sv:189$606 ($add).
Removed top 5 bits (of 6) from port B of cell int8_matmul.$flatten\u_controller.$add$rtl/matmul_controller.sv:148$601 ($add).
Removed top 2 bits (of 18) from port B of cell int8_matmul.$flatten\u_mac_array.\gen_row[7].gen_col[7].u_mac_pe.$add$rtl/mac_pe.sv:36$785 ($add).
Removed top 2 bits (of 18) from port B of cell int8_matmul.$flatten\u_mac_array.\gen_row[7].gen_col[6].u_mac_pe.$add$rtl/mac_pe.sv:36$785 ($add).
Removed top 2 bits (of 18) from port B of cell int8_matmul.$flatten\u_mac_array.\gen_row[7].gen_col[5].u_mac_pe.$add$rtl/mac_pe.sv:36$785 ($add).
Removed top 2 bits (of 18) from port B of cell int8_matmul.$flatten\u_mac_array.\gen_row[7].gen_col[4].u_mac_pe.$add$rtl/mac_pe.sv:36$785 ($add).
Removed top 2 bits (of 18) from port B of cell int8_matmul.$flatten\u_mac_array.\gen_row[7].gen_col[3].u_mac_pe.$add$rtl/mac_pe.sv:36$785 ($add).
Removed top 2 bits (of 18) from port B of cell int8_matmul.$flatten\u_mac_array.\gen_row[7].gen_col[2].u_mac_pe.$add$rtl/mac_pe.sv:36$785 ($add).
Removed top 2 bits (of 18) from port B of cell int8_matmul.$flatten\u_mac_array.\gen_row[7].gen_col[1].u_mac_pe.$add$rtl/mac_pe.sv:36$785 ($add).
Removed top 2 bits (of 18) from port B of cell int8_matmul.$flatten\u_mac_array.\gen_row[7].gen_col[0].u_mac_pe.$add$rtl/mac_pe.sv:36$785 ($add).
Removed top 2 bits (of 18) from port B of cell int8_matmul.$flatten\u_mac_array.\gen_row[6].gen_col[7].u_mac_pe.$add$rtl/mac_pe.sv:36$785 ($add).
Removed top 2 bits (of 18) from port B of cell int8_matmul.$flatten\u_mac_array.\gen_row[6].gen_col[6].u_mac_pe.$add$rtl/mac_pe.sv:36$785 ($add).
Removed top 2 bits (of 18) from port B of cell int8_matmul.$flatten\u_mac_array.\gen_row[6].gen_col[5].u_mac_pe.$add$rtl/mac_pe.sv:36$785 ($add).
Removed top 2 bits (of 18) from port B of cell int8_matmul.$flatten\u_mac_array.\gen_row[6].gen_col[4].u_mac_pe.$add$rtl/mac_pe.sv:36$785 ($add).
Removed top 2 bits (of 18) from port B of cell int8_matmul.$flatten\u_mac_array.\gen_row[6].gen_col[3].u_mac_pe.$add$rtl/mac_pe.sv:36$785 ($add).
Removed top 2 bits (of 18) from port B of cell int8_matmul.$flatten\u_mac_array.\gen_row[6].gen_col[2].u_mac_pe.$add$rtl/mac_pe.sv:36$785 ($add).
Removed top 2 bits (of 18) from port B of cell int8_matmul.$flatten\u_mac_array.\gen_row[6].gen_col[1].u_mac_pe.$add$rtl/mac_pe.sv:36$785 ($add).
Removed top 2 bits (of 18) from port B of cell int8_matmul.$flatten\u_mac_array.\gen_row[6].gen_col[0].u_mac_pe.$add$rtl/mac_pe.sv:36$785 ($add).
Removed top 2 bits (of 18) from port B of cell int8_matmul.$flatten\u_mac_array.\gen_row[5].gen_col[7].u_mac_pe.$add$rtl/mac_pe.sv:36$785 ($add).
Removed top 2 bits (of 18) from port B of cell int8_matmul.$flatten\u_mac_array.\gen_row[5].gen_col[6].u_mac_pe.$add$rtl/mac_pe.sv:36$785 ($add).
Removed top 2 bits (of 18) from port B of cell int8_matmul.$flatten\u_mac_array.\gen_row[5].gen_col[5].u_mac_pe.$add$rtl/mac_pe.sv:36$785 ($add).
Removed top 2 bits (of 18) from port B of cell int8_matmul.$flatten\u_mac_array.\gen_row[5].gen_col[4].u_mac_pe.$add$rtl/mac_pe.sv:36$785 ($add).
Removed top 2 bits (of 18) from port B of cell int8_matmul.$flatten\u_mac_array.\gen_row[5].gen_col[3].u_mac_pe.$add$rtl/mac_pe.sv:36$785 ($add).
Removed top 2 bits (of 18) from port B of cell int8_matmul.$flatten\u_mac_array.\gen_row[5].gen_col[2].u_mac_pe.$add$rtl/mac_pe.sv:36$785 ($add).
Removed top 2 bits (of 18) from port B of cell int8_matmul.$flatten\u_mac_array.\gen_row[5].gen_col[1].u_mac_pe.$add$rtl/mac_pe.sv:36$785 ($add).
Removed top 2 bits (of 18) from port B of cell int8_matmul.$flatten\u_mac_array.\gen_row[5].gen_col[0].u_mac_pe.$add$rtl/mac_pe.sv:36$785 ($add).
Removed top 2 bits (of 18) from port B of cell int8_matmul.$flatten\u_mac_array.\gen_row[4].gen_col[7].u_mac_pe.$add$rtl/mac_pe.sv:36$785 ($add).
Removed top 2 bits (of 18) from port B of cell int8_matmul.$flatten\u_mac_array.\gen_row[4].gen_col[6].u_mac_pe.$add$rtl/mac_pe.sv:36$785 ($add).
Removed top 2 bits (of 18) from port B of cell int8_matmul.$flatten\u_mac_array.\gen_row[4].gen_col[5].u_mac_pe.$add$rtl/mac_pe.sv:36$785 ($add).
Removed top 2 bits (of 18) from port B of cell int8_matmul.$flatten\u_mac_array.\gen_row[4].gen_col[4].u_mac_pe.$add$rtl/mac_pe.sv:36$785 ($add).
Removed top 2 bits (of 18) from port B of cell int8_matmul.$flatten\u_mac_array.\gen_row[4].gen_col[3].u_mac_pe.$add$rtl/mac_pe.sv:36$785 ($add).
Removed top 2 bits (of 18) from port B of cell int8_matmul.$flatten\u_mac_array.\gen_row[4].gen_col[2].u_mac_pe.$add$rtl/mac_pe.sv:36$785 ($add).
Removed top 2 bits (of 18) from port B of cell int8_matmul.$flatten\u_mac_array.\gen_row[4].gen_col[1].u_mac_pe.$add$rtl/mac_pe.sv:36$785 ($add).
Removed top 2 bits (of 18) from port B of cell int8_matmul.$flatten\u_mac_array.\gen_row[4].gen_col[0].u_mac_pe.$add$rtl/mac_pe.sv:36$785 ($add).
Removed top 2 bits (of 18) from port B of cell int8_matmul.$flatten\u_mac_array.\gen_row[3].gen_col[7].u_mac_pe.$add$rtl/mac_pe.sv:36$785 ($add).
Removed top 2 bits (of 18) from port B of cell int8_matmul.$flatten\u_mac_array.\gen_row[3].gen_col[6].u_mac_pe.$add$rtl/mac_pe.sv:36$785 ($add).
Removed top 2 bits (of 18) from port B of cell int8_matmul.$flatten\u_mac_array.\gen_row[3].gen_col[5].u_mac_pe.$add$rtl/mac_pe.sv:36$785 ($add).
Removed top 2 bits (of 18) from port B of cell int8_matmul.$flatten\u_mac_array.\gen_row[3].gen_col[4].u_mac_pe.$add$rtl/mac_pe.sv:36$785 ($add).
Removed top 2 bits (of 18) from port B of cell int8_matmul.$flatten\u_mac_array.\gen_row[3].gen_col[3].u_mac_pe.$add$rtl/mac_pe.sv:36$785 ($add).
Removed top 2 bits (of 18) from port B of cell int8_matmul.$flatten\u_mac_array.\gen_row[3].gen_col[2].u_mac_pe.$add$rtl/mac_pe.sv:36$785 ($add).
Removed top 2 bits (of 18) from port B of cell int8_matmul.$flatten\u_mac_array.\gen_row[3].gen_col[1].u_mac_pe.$add$rtl/mac_pe.sv:36$785 ($add).
Removed top 2 bits (of 18) from port B of cell int8_matmul.$flatten\u_mac_array.\gen_row[3].gen_col[0].u_mac_pe.$add$rtl/mac_pe.sv:36$785 ($add).
Removed top 2 bits (of 18) from port B of cell int8_matmul.$flatten\u_mac_array.\gen_row[2].gen_col[7].u_mac_pe.$add$rtl/mac_pe.sv:36$785 ($add).
Removed top 2 bits (of 18) from port B of cell int8_matmul.$flatten\u_mac_array.\gen_row[2].gen_col[6].u_mac_pe.$add$rtl/mac_pe.sv:36$785 ($add).
Removed top 2 bits (of 18) from port B of cell int8_matmul.$flatten\u_mac_array.\gen_row[2].gen_col[5].u_mac_pe.$add$rtl/mac_pe.sv:36$785 ($add).
Removed top 2 bits (of 18) from port B of cell int8_matmul.$flatten\u_mac_array.\gen_row[2].gen_col[4].u_mac_pe.$add$rtl/mac_pe.sv:36$785 ($add).
Removed top 2 bits (of 18) from port B of cell int8_matmul.$flatten\u_mac_array.\gen_row[2].gen_col[3].u_mac_pe.$add$rtl/mac_pe.sv:36$785 ($add).
Removed top 2 bits (of 18) from port B of cell int8_matmul.$flatten\u_mac_array.\gen_row[2].gen_col[2].u_mac_pe.$add$rtl/mac_pe.sv:36$785 ($add).
Removed top 2 bits (of 18) from port B of cell int8_matmul.$flatten\u_mac_array.\gen_row[2].gen_col[1].u_mac_pe.$add$rtl/mac_pe.sv:36$785 ($add).
Removed top 2 bits (of 18) from port B of cell int8_matmul.$flatten\u_mac_array.\gen_row[2].gen_col[0].u_mac_pe.$add$rtl/mac_pe.sv:36$785 ($add).
Removed top 2 bits (of 18) from port B of cell int8_matmul.$flatten\u_mac_array.\gen_row[1].gen_col[7].u_mac_pe.$add$rtl/mac_pe.sv:36$785 ($add).
Removed top 2 bits (of 18) from port B of cell int8_matmul.$flatten\u_mac_array.\gen_row[1].gen_col[6].u_mac_pe.$add$rtl/mac_pe.sv:36$785 ($add).
Removed top 2 bits (of 18) from port B of cell int8_matmul.$flatten\u_mac_array.\gen_row[1].gen_col[5].u_mac_pe.$add$rtl/mac_pe.sv:36$785 ($add).
Removed top 2 bits (of 18) from port B of cell int8_matmul.$flatten\u_mac_array.\gen_row[1].gen_col[4].u_mac_pe.$add$rtl/mac_pe.sv:36$785 ($add).
Removed top 2 bits (of 18) from port B of cell int8_matmul.$flatten\u_mac_array.\gen_row[1].gen_col[3].u_mac_pe.$add$rtl/mac_pe.sv:36$785 ($add).
Removed top 2 bits (of 18) from port B of cell int8_matmul.$flatten\u_mac_array.\gen_row[1].gen_col[2].u_mac_pe.$add$rtl/mac_pe.sv:36$785 ($add).
Removed top 2 bits (of 18) from port B of cell int8_matmul.$flatten\u_mac_array.\gen_row[1].gen_col[1].u_mac_pe.$add$rtl/mac_pe.sv:36$785 ($add).
Removed top 2 bits (of 18) from port B of cell int8_matmul.$flatten\u_mac_array.\gen_row[1].gen_col[0].u_mac_pe.$add$rtl/mac_pe.sv:36$785 ($add).
Removed top 2 bits (of 18) from port B of cell int8_matmul.$flatten\u_mac_array.\gen_row[0].gen_col[7].u_mac_pe.$add$rtl/mac_pe.sv:36$785 ($add).
Removed top 2 bits (of 18) from port B of cell int8_matmul.$flatten\u_mac_array.\gen_row[0].gen_col[6].u_mac_pe.$add$rtl/mac_pe.sv:36$785 ($add).
Removed top 2 bits (of 18) from port B of cell int8_matmul.$flatten\u_mac_array.\gen_row[0].gen_col[5].u_mac_pe.$add$rtl/mac_pe.sv:36$785 ($add).
Removed top 2 bits (of 18) from port B of cell int8_matmul.$flatten\u_mac_array.\gen_row[0].gen_col[4].u_mac_pe.$add$rtl/mac_pe.sv:36$785 ($add).
Removed top 2 bits (of 18) from port B of cell int8_matmul.$flatten\u_mac_array.\gen_row[0].gen_col[3].u_mac_pe.$add$rtl/mac_pe.sv:36$785 ($add).
Removed top 2 bits (of 18) from port B of cell int8_matmul.$flatten\u_mac_array.\gen_row[0].gen_col[2].u_mac_pe.$add$rtl/mac_pe.sv:36$785 ($add).
Removed top 2 bits (of 18) from port B of cell int8_matmul.$flatten\u_mac_array.\gen_row[0].gen_col[1].u_mac_pe.$add$rtl/mac_pe.sv:36$785 ($add).
Removed top 2 bits (of 18) from port B of cell int8_matmul.$flatten\u_mac_array.\gen_row[0].gen_col[0].u_mac_pe.$add$rtl/mac_pe.sv:36$785 ($add).
Converting cell int8_matmul.$flatten\u_mac_array.\gen_row[7].gen_col[7].u_mac_pe.$mul$rtl/mac_pe.sv:26$783 ($mul) from unsigned to signed.
Removed top 8 bits (of 16) from port A of cell int8_matmul.$flatten\u_mac_array.\gen_row[7].gen_col[7].u_mac_pe.$mul$rtl/mac_pe.sv:26$783 ($mul).
Removed top 8 bits (of 16) from port B of cell int8_matmul.$flatten\u_mac_array.\gen_row[7].gen_col[7].u_mac_pe.$mul$rtl/mac_pe.sv:26$783 ($mul).
Converting cell int8_matmul.$flatten\u_mac_array.\gen_row[7].gen_col[6].u_mac_pe.$mul$rtl/mac_pe.sv:26$783 ($mul) from unsigned to signed.
Removed top 8 bits (of 16) from port A of cell int8_matmul.$flatten\u_mac_array.\gen_row[7].gen_col[6].u_mac_pe.$mul$rtl/mac_pe.sv:26$783 ($mul).
Removed top 8 bits (of 16) from port B of cell int8_matmul.$flatten\u_mac_array.\gen_row[7].gen_col[6].u_mac_pe.$mul$rtl/mac_pe.sv:26$783 ($mul).
Converting cell int8_matmul.$flatten\u_mac_array.\gen_row[7].gen_col[5].u_mac_pe.$mul$rtl/mac_pe.sv:26$783 ($mul) from unsigned to signed.
Removed top 8 bits (of 16) from port A of cell int8_matmul.$flatten\u_mac_array.\gen_row[7].gen_col[5].u_mac_pe.$mul$rtl/mac_pe.sv:26$783 ($mul).
Removed top 8 bits (of 16) from port B of cell int8_matmul.$flatten\u_mac_array.\gen_row[7].gen_col[5].u_mac_pe.$mul$rtl/mac_pe.sv:26$783 ($mul).
Converting cell int8_matmul.$flatten\u_mac_array.\gen_row[7].gen_col[4].u_mac_pe.$mul$rtl/mac_pe.sv:26$783 ($mul) from unsigned to signed.
Removed top 8 bits (of 16) from port A of cell int8_matmul.$flatten\u_mac_array.\gen_row[7].gen_col[4].u_mac_pe.$mul$rtl/mac_pe.sv:26$783 ($mul).
Removed top 8 bits (of 16) from port B of cell int8_matmul.$flatten\u_mac_array.\gen_row[7].gen_col[4].u_mac_pe.$mul$rtl/mac_pe.sv:26$783 ($mul).
Converting cell int8_matmul.$flatten\u_mac_array.\gen_row[7].gen_col[3].u_mac_pe.$mul$rtl/mac_pe.sv:26$783 ($mul) from unsigned to signed.
Removed top 8 bits (of 16) from port A of cell int8_matmul.$flatten\u_mac_array.\gen_row[7].gen_col[3].u_mac_pe.$mul$rtl/mac_pe.sv:26$783 ($mul).
Removed top 8 bits (of 16) from port B of cell int8_matmul.$flatten\u_mac_array.\gen_row[7].gen_col[3].u_mac_pe.$mul$rtl/mac_pe.sv:26$783 ($mul).
Converting cell int8_matmul.$flatten\u_mac_array.\gen_row[7].gen_col[2].u_mac_pe.$mul$rtl/mac_pe.sv:26$783 ($mul) from unsigned to signed.
Removed top 8 bits (of 16) from port A of cell int8_matmul.$flatten\u_mac_array.\gen_row[7].gen_col[2].u_mac_pe.$mul$rtl/mac_pe.sv:26$783 ($mul).
Removed top 8 bits (of 16) from port B of cell int8_matmul.$flatten\u_mac_array.\gen_row[7].gen_col[2].u_mac_pe.$mul$rtl/mac_pe.sv:26$783 ($mul).
Converting cell int8_matmul.$flatten\u_mac_array.\gen_row[7].gen_col[1].u_mac_pe.$mul$rtl/mac_pe.sv:26$783 ($mul) from unsigned to signed.
Removed top 8 bits (of 16) from port A of cell int8_matmul.$flatten\u_mac_array.\gen_row[7].gen_col[1].u_mac_pe.$mul$rtl/mac_pe.sv:26$783 ($mul).
Removed top 8 bits (of 16) from port B of cell int8_matmul.$flatten\u_mac_array.\gen_row[7].gen_col[1].u_mac_pe.$mul$rtl/mac_pe.sv:26$783 ($mul).
Converting cell int8_matmul.$flatten\u_mac_array.\gen_row[7].gen_col[0].u_mac_pe.$mul$rtl/mac_pe.sv:26$783 ($mul) from unsigned to signed.
Removed top 8 bits (of 16) from port A of cell int8_matmul.$flatten\u_mac_array.\gen_row[7].gen_col[0].u_mac_pe.$mul$rtl/mac_pe.sv:26$783 ($mul).
Removed top 8 bits (of 16) from port B of cell int8_matmul.$flatten\u_mac_array.\gen_row[7].gen_col[0].u_mac_pe.$mul$rtl/mac_pe.sv:26$783 ($mul).
Removed top 26 bits (of 32) from port A of cell int8_matmul.$flatten\u_mac_array.$add$rtl/mac_array.sv:64$1290 ($add).
Removed top 29 bits (of 32) from port B of cell int8_matmul.$flatten\u_mac_array.$add$rtl/mac_array.sv:64$1290 ($add).
Removed top 25 bits (of 32) from port Y of cell int8_matmul.$flatten\u_mac_array.$add$rtl/mac_array.sv:64$1290 ($add).
Converting cell int8_matmul.$flatten\u_mac_array.\gen_row[6].gen_col[7].u_mac_pe.$mul$rtl/mac_pe.sv:26$783 ($mul) from unsigned to signed.
Removed top 8 bits (of 16) from port A of cell int8_matmul.$flatten\u_mac_array.\gen_row[6].gen_col[7].u_mac_pe.$mul$rtl/mac_pe.sv:26$783 ($mul).
Removed top 8 bits (of 16) from port B of cell int8_matmul.$flatten\u_mac_array.\gen_row[6].gen_col[7].u_mac_pe.$mul$rtl/mac_pe.sv:26$783 ($mul).
Converting cell int8_matmul.$flatten\u_mac_array.\gen_row[6].gen_col[6].u_mac_pe.$mul$rtl/mac_pe.sv:26$783 ($mul) from unsigned to signed.
Removed top 8 bits (of 16) from port A of cell int8_matmul.$flatten\u_mac_array.\gen_row[6].gen_col[6].u_mac_pe.$mul$rtl/mac_pe.sv:26$783 ($mul).
Removed top 8 bits (of 16) from port B of cell int8_matmul.$flatten\u_mac_array.\gen_row[6].gen_col[6].u_mac_pe.$mul$rtl/mac_pe.sv:26$783 ($mul).
Converting cell int8_matmul.$flatten\u_mac_array.\gen_row[6].gen_col[5].u_mac_pe.$mul$rtl/mac_pe.sv:26$783 ($mul) from unsigned to signed.
Removed top 8 bits (of 16) from port A of cell int8_matmul.$flatten\u_mac_array.\gen_row[6].gen_col[5].u_mac_pe.$mul$rtl/mac_pe.sv:26$783 ($mul).
Removed top 8 bits (of 16) from port B of cell int8_matmul.$flatten\u_mac_array.\gen_row[6].gen_col[5].u_mac_pe.$mul$rtl/mac_pe.sv:26$783 ($mul).
Converting cell int8_matmul.$flatten\u_mac_array.\gen_row[6].gen_col[4].u_mac_pe.$mul$rtl/mac_pe.sv:26$783 ($mul) from unsigned to signed.
Removed top 8 bits (of 16) from port A of cell int8_matmul.$flatten\u_mac_array.\gen_row[6].gen_col[4].u_mac_pe.$mul$rtl/mac_pe.sv:26$783 ($mul).
Removed top 8 bits (of 16) from port B of cell int8_matmul.$flatten\u_mac_array.\gen_row[6].gen_col[4].u_mac_pe.$mul$rtl/mac_pe.sv:26$783 ($mul).
Converting cell int8_matmul.$flatten\u_mac_array.\gen_row[6].gen_col[3].u_mac_pe.$mul$rtl/mac_pe.sv:26$783 ($mul) from unsigned to signed.
Removed top 8 bits (of 16) from port A of cell int8_matmul.$flatten\u_mac_array.\gen_row[6].gen_col[3].u_mac_pe.$mul$rtl/mac_pe.sv:26$783 ($mul).
Removed top 8 bits (of 16) from port B of cell int8_matmul.$flatten\u_mac_array.\gen_row[6].gen_col[3].u_mac_pe.$mul$rtl/mac_pe.sv:26$783 ($mul).
Converting cell int8_matmul.$flatten\u_mac_array.\gen_row[6].gen_col[2].u_mac_pe.$mul$rtl/mac_pe.sv:26$783 ($mul) from unsigned to signed.
Removed top 8 bits (of 16) from port A of cell int8_matmul.$flatten\u_mac_array.\gen_row[6].gen_col[2].u_mac_pe.$mul$rtl/mac_pe.sv:26$783 ($mul).
Removed top 8 bits (of 16) from port B of cell int8_matmul.$flatten\u_mac_array.\gen_row[6].gen_col[2].u_mac_pe.$mul$rtl/mac_pe.sv:26$783 ($mul).
Converting cell int8_matmul.$flatten\u_mac_array.\gen_row[6].gen_col[1].u_mac_pe.$mul$rtl/mac_pe.sv:26$783 ($mul) from unsigned to signed.
Removed top 8 bits (of 16) from port A of cell int8_matmul.$flatten\u_mac_array.\gen_row[6].gen_col[1].u_mac_pe.$mul$rtl/mac_pe.sv:26$783 ($mul).
Removed top 8 bits (of 16) from port B of cell int8_matmul.$flatten\u_mac_array.\gen_row[6].gen_col[1].u_mac_pe.$mul$rtl/mac_pe.sv:26$783 ($mul).
Converting cell int8_matmul.$flatten\u_mac_array.\gen_row[6].gen_col[0].u_mac_pe.$mul$rtl/mac_pe.sv:26$783 ($mul) from unsigned to signed.
Removed top 8 bits (of 16) from port A of cell int8_matmul.$flatten\u_mac_array.\gen_row[6].gen_col[0].u_mac_pe.$mul$rtl/mac_pe.sv:26$783 ($mul).
Removed top 8 bits (of 16) from port B of cell int8_matmul.$flatten\u_mac_array.\gen_row[6].gen_col[0].u_mac_pe.$mul$rtl/mac_pe.sv:26$783 ($mul).
Removed top 26 bits (of 32) from port A of cell int8_matmul.$flatten\u_mac_array.$add$rtl/mac_array.sv:64$1218 ($add).
Removed top 29 bits (of 32) from port B of cell int8_matmul.$flatten\u_mac_array.$add$rtl/mac_array.sv:64$1218 ($add).
Removed top 25 bits (of 32) from port Y of cell int8_matmul.$flatten\u_mac_array.$add$rtl/mac_array.sv:64$1218 ($add).
Converting cell int8_matmul.$flatten\u_mac_array.\gen_row[5].gen_col[7].u_mac_pe.$mul$rtl/mac_pe.sv:26$783 ($mul) from unsigned to signed.
Removed top 8 bits (of 16) from port A of cell int8_matmul.$flatten\u_mac_array.\gen_row[5].gen_col[7].u_mac_pe.$mul$rtl/mac_pe.sv:26$783 ($mul).
Removed top 8 bits (of 16) from port B of cell int8_matmul.$flatten\u_mac_array.\gen_row[5].gen_col[7].u_mac_pe.$mul$rtl/mac_pe.sv:26$783 ($mul).
Converting cell int8_matmul.$flatten\u_mac_array.\gen_row[5].gen_col[6].u_mac_pe.$mul$rtl/mac_pe.sv:26$783 ($mul) from unsigned to signed.
Removed top 8 bits (of 16) from port A of cell int8_matmul.$flatten\u_mac_array.\gen_row[5].gen_col[6].u_mac_pe.$mul$rtl/mac_pe.sv:26$783 ($mul).
Removed top 8 bits (of 16) from port B of cell int8_matmul.$flatten\u_mac_array.\gen_row[5].gen_col[6].u_mac_pe.$mul$rtl/mac_pe.sv:26$783 ($mul).
Converting cell int8_matmul.$flatten\u_mac_array.\gen_row[5].gen_col[5].u_mac_pe.$mul$rtl/mac_pe.sv:26$783 ($mul) from unsigned to signed.
Removed top 8 bits (of 16) from port A of cell int8_matmul.$flatten\u_mac_array.\gen_row[5].gen_col[5].u_mac_pe.$mul$rtl/mac_pe.sv:26$783 ($mul).
Removed top 8 bits (of 16) from port B of cell int8_matmul.$flatten\u_mac_array.\gen_row[5].gen_col[5].u_mac_pe.$mul$rtl/mac_pe.sv:26$783 ($mul).
Converting cell int8_matmul.$flatten\u_mac_array.\gen_row[5].gen_col[4].u_mac_pe.$mul$rtl/mac_pe.sv:26$783 ($mul) from unsigned to signed.
Removed top 8 bits (of 16) from port A of cell int8_matmul.$flatten\u_mac_array.\gen_row[5].gen_col[4].u_mac_pe.$mul$rtl/mac_pe.sv:26$783 ($mul).
Removed top 8 bits (of 16) from port B of cell int8_matmul.$flatten\u_mac_array.\gen_row[5].gen_col[4].u_mac_pe.$mul$rtl/mac_pe.sv:26$783 ($mul).
Converting cell int8_matmul.$flatten\u_mac_array.\gen_row[5].gen_col[3].u_mac_pe.$mul$rtl/mac_pe.sv:26$783 ($mul) from unsigned to signed.
Removed top 8 bits (of 16) from port A of cell int8_matmul.$flatten\u_mac_array.\gen_row[5].gen_col[3].u_mac_pe.$mul$rtl/mac_pe.sv:26$783 ($mul).
Removed top 8 bits (of 16) from port B of cell int8_matmul.$flatten\u_mac_array.\gen_row[5].gen_col[3].u_mac_pe.$mul$rtl/mac_pe.sv:26$783 ($mul).
Converting cell int8_matmul.$flatten\u_mac_array.\gen_row[5].gen_col[2].u_mac_pe.$mul$rtl/mac_pe.sv:26$783 ($mul) from unsigned to signed.
Removed top 8 bits (of 16) from port A of cell int8_matmul.$flatten\u_mac_array.\gen_row[5].gen_col[2].u_mac_pe.$mul$rtl/mac_pe.sv:26$783 ($mul).
Removed top 8 bits (of 16) from port B of cell int8_matmul.$flatten\u_mac_array.\gen_row[5].gen_col[2].u_mac_pe.$mul$rtl/mac_pe.sv:26$783 ($mul).
Converting cell int8_matmul.$flatten\u_mac_array.\gen_row[5].gen_col[1].u_mac_pe.$mul$rtl/mac_pe.sv:26$783 ($mul) from unsigned to signed.
Removed top 8 bits (of 16) from port A of cell int8_matmul.$flatten\u_mac_array.\gen_row[5].gen_col[1].u_mac_pe.$mul$rtl/mac_pe.sv:26$783 ($mul).
Removed top 8 bits (of 16) from port B of cell int8_matmul.$flatten\u_mac_array.\gen_row[5].gen_col[1].u_mac_pe.$mul$rtl/mac_pe.sv:26$783 ($mul).
Converting cell int8_matmul.$flatten\u_mac_array.\gen_row[5].gen_col[0].u_mac_pe.$mul$rtl/mac_pe.sv:26$783 ($mul) from unsigned to signed.
Removed top 8 bits (of 16) from port A of cell int8_matmul.$flatten\u_mac_array.\gen_row[5].gen_col[0].u_mac_pe.$mul$rtl/mac_pe.sv:26$783 ($mul).
Removed top 8 bits (of 16) from port B of cell int8_matmul.$flatten\u_mac_array.\gen_row[5].gen_col[0].u_mac_pe.$mul$rtl/mac_pe.sv:26$783 ($mul).
Removed top 26 bits (of 32) from port A of cell int8_matmul.$flatten\u_mac_array.$add$rtl/mac_array.sv:64$1146 ($add).
Removed top 29 bits (of 32) from port B of cell int8_matmul.$flatten\u_mac_array.$add$rtl/mac_array.sv:64$1146 ($add).
Removed top 25 bits (of 32) from port Y of cell int8_matmul.$flatten\u_mac_array.$add$rtl/mac_array.sv:64$1146 ($add).
Converting cell int8_matmul.$flatten\u_mac_array.\gen_row[4].gen_col[7].u_mac_pe.$mul$rtl/mac_pe.sv:26$783 ($mul) from unsigned to signed.
Removed top 8 bits (of 16) from port A of cell int8_matmul.$flatten\u_mac_array.\gen_row[4].gen_col[7].u_mac_pe.$mul$rtl/mac_pe.sv:26$783 ($mul).
Removed top 8 bits (of 16) from port B of cell int8_matmul.$flatten\u_mac_array.\gen_row[4].gen_col[7].u_mac_pe.$mul$rtl/mac_pe.sv:26$783 ($mul).
Converting cell int8_matmul.$flatten\u_mac_array.\gen_row[4].gen_col[6].u_mac_pe.$mul$rtl/mac_pe.sv:26$783 ($mul) from unsigned to signed.
Removed top 8 bits (of 16) from port A of cell int8_matmul.$flatten\u_mac_array.\gen_row[4].gen_col[6].u_mac_pe.$mul$rtl/mac_pe.sv:26$783 ($mul).
Removed top 8 bits (of 16) from port B of cell int8_matmul.$flatten\u_mac_array.\gen_row[4].gen_col[6].u_mac_pe.$mul$rtl/mac_pe.sv:26$783 ($mul).
Converting cell int8_matmul.$flatten\u_mac_array.\gen_row[4].gen_col[5].u_mac_pe.$mul$rtl/mac_pe.sv:26$783 ($mul) from unsigned to signed.
Removed top 8 bits (of 16) from port A of cell int8_matmul.$flatten\u_mac_array.\gen_row[4].gen_col[5].u_mac_pe.$mul$rtl/mac_pe.sv:26$783 ($mul).
Removed top 8 bits (of 16) from port B of cell int8_matmul.$flatten\u_mac_array.\gen_row[4].gen_col[5].u_mac_pe.$mul$rtl/mac_pe.sv:26$783 ($mul).
Converting cell int8_matmul.$flatten\u_mac_array.\gen_row[4].gen_col[4].u_mac_pe.$mul$rtl/mac_pe.sv:26$783 ($mul) from unsigned to signed.
Removed top 8 bits (of 16) from port A of cell int8_matmul.$flatten\u_mac_array.\gen_row[4].gen_col[4].u_mac_pe.$mul$rtl/mac_pe.sv:26$783 ($mul).
Removed top 8 bits (of 16) from port B of cell int8_matmul.$flatten\u_mac_array.\gen_row[4].gen_col[4].u_mac_pe.$mul$rtl/mac_pe.sv:26$783 ($mul).
Converting cell int8_matmul.$flatten\u_mac_array.\gen_row[4].gen_col[3].u_mac_pe.$mul$rtl/mac_pe.sv:26$783 ($mul) from unsigned to signed.
Removed top 8 bits (of 16) from port A of cell int8_matmul.$flatten\u_mac_array.\gen_row[4].gen_col[3].u_mac_pe.$mul$rtl/mac_pe.sv:26$783 ($mul).
Removed top 8 bits (of 16) from port B of cell int8_matmul.$flatten\u_mac_array.\gen_row[4].gen_col[3].u_mac_pe.$mul$rtl/mac_pe.sv:26$783 ($mul).
Converting cell int8_matmul.$flatten\u_mac_array.\gen_row[4].gen_col[2].u_mac_pe.$mul$rtl/mac_pe.sv:26$783 ($mul) from unsigned to signed.
Removed top 8 bits (of 16) from port A of cell int8_matmul.$flatten\u_mac_array.\gen_row[4].gen_col[2].u_mac_pe.$mul$rtl/mac_pe.sv:26$783 ($mul).
Removed top 8 bits (of 16) from port B of cell int8_matmul.$flatten\u_mac_array.\gen_row[4].gen_col[2].u_mac_pe.$mul$rtl/mac_pe.sv:26$783 ($mul).
Converting cell int8_matmul.$flatten\u_mac_array.\gen_row[4].gen_col[1].u_mac_pe.$mul$rtl/mac_pe.sv:26$783 ($mul) from unsigned to signed.
Removed top 8 bits (of 16) from port A of cell int8_matmul.$flatten\u_mac_array.\gen_row[4].gen_col[1].u_mac_pe.$mul$rtl/mac_pe.sv:26$783 ($mul).
Removed top 8 bits (of 16) from port B of cell int8_matmul.$flatten\u_mac_array.\gen_row[4].gen_col[1].u_mac_pe.$mul$rtl/mac_pe.sv:26$783 ($mul).
Converting cell int8_matmul.$flatten\u_mac_array.\gen_row[4].gen_col[0].u_mac_pe.$mul$rtl/mac_pe.sv:26$783 ($mul) from unsigned to signed.
Removed top 8 bits (of 16) from port A of cell int8_matmul.$flatten\u_mac_array.\gen_row[4].gen_col[0].u_mac_pe.$mul$rtl/mac_pe.sv:26$783 ($mul).
Removed top 8 bits (of 16) from port B of cell int8_matmul.$flatten\u_mac_array.\gen_row[4].gen_col[0].u_mac_pe.$mul$rtl/mac_pe.sv:26$783 ($mul).
Removed top 26 bits (of 32) from port A of cell int8_matmul.$flatten\u_mac_array.$add$rtl/mac_array.sv:64$1074 ($add).
Removed top 29 bits (of 32) from port B of cell int8_matmul.$flatten\u_mac_array.$add$rtl/mac_array.sv:64$1074 ($add).
Removed top 25 bits (of 32) from port Y of cell int8_matmul.$flatten\u_mac_array.$add$rtl/mac_array.sv:64$1074 ($add).
Converting cell int8_matmul.$flatten\u_mac_array.\gen_row[3].gen_col[7].u_mac_pe.$mul$rtl/mac_pe.sv:26$783 ($mul) from unsigned to signed.
Removed top 8 bits (of 16) from port A of cell int8_matmul.$flatten\u_mac_array.\gen_row[3].gen_col[7].u_mac_pe.$mul$rtl/mac_pe.sv:26$783 ($mul).
Removed top 8 bits (of 16) from port B of cell int8_matmul.$flatten\u_mac_array.\gen_row[3].gen_col[7].u_mac_pe.$mul$rtl/mac_pe.sv:26$783 ($mul).
Removed top 26 bits (of 32) from port A of cell int8_matmul.$flatten\u_mac_array.$add$rtl/mac_array.sv:76$1070 ($add).
Removed top 29 bits (of 32) from port B of cell int8_matmul.$flatten\u_mac_array.$add$rtl/mac_array.sv:76$1070 ($add).
Removed top 25 bits (of 32) from port Y of cell int8_matmul.$flatten\u_mac_array.$add$rtl/mac_array.sv:76$1070 ($add).
Converting cell int8_matmul.$flatten\u_mac_array.\gen_row[3].gen_col[6].u_mac_pe.$mul$rtl/mac_pe.sv:26$783 ($mul) from unsigned to signed.
Removed top 8 bits (of 16) from port A of cell int8_matmul.$flatten\u_mac_array.\gen_row[3].gen_col[6].u_mac_pe.$mul$rtl/mac_pe.sv:26$783 ($mul).
Removed top 8 bits (of 16) from port B of cell int8_matmul.$flatten\u_mac_array.\gen_row[3].gen_col[6].u_mac_pe.$mul$rtl/mac_pe.sv:26$783 ($mul).
Removed top 26 bits (of 32) from port A of cell int8_matmul.$flatten\u_mac_array.$add$rtl/mac_array.sv:76$1061 ($add).
Removed top 29 bits (of 32) from port B of cell int8_matmul.$flatten\u_mac_array.$add$rtl/mac_array.sv:76$1061 ($add).
Removed top 25 bits (of 32) from port Y of cell int8_matmul.$flatten\u_mac_array.$add$rtl/mac_array.sv:76$1061 ($add).
Converting cell int8_matmul.$flatten\u_mac_array.\gen_row[3].gen_col[5].u_mac_pe.$mul$rtl/mac_pe.sv:26$783 ($mul) from unsigned to signed.
Removed top 8 bits (of 16) from port A of cell int8_matmul.$flatten\u_mac_array.\gen_row[3].gen_col[5].u_mac_pe.$mul$rtl/mac_pe.sv:26$783 ($mul).
Removed top 8 bits (of 16) from port B of cell int8_matmul.$flatten\u_mac_array.\gen_row[3].gen_col[5].u_mac_pe.$mul$rtl/mac_pe.sv:26$783 ($mul).
Removed top 26 bits (of 32) from port A of cell int8_matmul.$flatten\u_mac_array.$add$rtl/mac_array.sv:76$1052 ($add).
Removed top 29 bits (of 32) from port B of cell int8_matmul.$flatten\u_mac_array.$add$rtl/mac_array.sv:76$1052 ($add).
Removed top 25 bits (of 32) from port Y of cell int8_matmul.$flatten\u_mac_array.$add$rtl/mac_array.sv:76$1052 ($add).
Converting cell int8_matmul.$flatten\u_mac_array.\gen_row[3].gen_col[4].u_mac_pe.$mul$rtl/mac_pe.sv:26$783 ($mul) from unsigned to signed.
Removed top 8 bits (of 16) from port A of cell int8_matmul.$flatten\u_mac_array.\gen_row[3].gen_col[4].u_mac_pe.$mul$rtl/mac_pe.sv:26$783 ($mul).
Removed top 8 bits (of 16) from port B of cell int8_matmul.$flatten\u_mac_array.\gen_row[3].gen_col[4].u_mac_pe.$mul$rtl/mac_pe.sv:26$783 ($mul).
Removed top 26 bits (of 32) from port A of cell int8_matmul.$flatten\u_mac_array.$add$rtl/mac_array.sv:76$1043 ($add).
Removed top 29 bits (of 32) from port B of cell int8_matmul.$flatten\u_mac_array.$add$rtl/mac_array.sv:76$1043 ($add).
Removed top 25 bits (of 32) from port Y of cell int8_matmul.$flatten\u_mac_array.$add$rtl/mac_array.sv:76$1043 ($add).
Converting cell int8_matmul.$flatten\u_mac_array.\gen_row[3].gen_col[3].u_mac_pe.$mul$rtl/mac_pe.sv:26$783 ($mul) from unsigned to signed.
Removed top 8 bits (of 16) from port A of cell int8_matmul.$flatten\u_mac_array.\gen_row[3].gen_col[3].u_mac_pe.$mul$rtl/mac_pe.sv:26$783 ($mul).
Removed top 8 bits (of 16) from port B of cell int8_matmul.$flatten\u_mac_array.\gen_row[3].gen_col[3].u_mac_pe.$mul$rtl/mac_pe.sv:26$783 ($mul).
Removed top 26 bits (of 32) from port A of cell int8_matmul.$flatten\u_mac_array.$add$rtl/mac_array.sv:76$1034 ($add).
Removed top 30 bits (of 32) from port B of cell int8_matmul.$flatten\u_mac_array.$add$rtl/mac_array.sv:76$1034 ($add).
Removed top 25 bits (of 32) from port Y of cell int8_matmul.$flatten\u_mac_array.$add$rtl/mac_array.sv:76$1034 ($add).
Converting cell int8_matmul.$flatten\u_mac_array.\gen_row[3].gen_col[2].u_mac_pe.$mul$rtl/mac_pe.sv:26$783 ($mul) from unsigned to signed.
Removed top 8 bits (of 16) from port A of cell int8_matmul.$flatten\u_mac_array.\gen_row[3].gen_col[2].u_mac_pe.$mul$rtl/mac_pe.sv:26$783 ($mul).
Removed top 8 bits (of 16) from port B of cell int8_matmul.$flatten\u_mac_array.\gen_row[3].gen_col[2].u_mac_pe.$mul$rtl/mac_pe.sv:26$783 ($mul).
Removed top 26 bits (of 32) from port A of cell int8_matmul.$flatten\u_mac_array.$add$rtl/mac_array.sv:76$1025 ($add).
Removed top 30 bits (of 32) from port B of cell int8_matmul.$flatten\u_mac_array.$add$rtl/mac_array.sv:76$1025 ($add).
Removed top 25 bits (of 32) from port Y of cell int8_matmul.$flatten\u_mac_array.$add$rtl/mac_array.sv:76$1025 ($add).
Converting cell int8_matmul.$flatten\u_mac_array.\gen_row[3].gen_col[1].u_mac_pe.$mul$rtl/mac_pe.sv:26$783 ($mul) from unsigned to signed.
Removed top 8 bits (of 16) from port A of cell int8_matmul.$flatten\u_mac_array.\gen_row[3].gen_col[1].u_mac_pe.$mul$rtl/mac_pe.sv:26$783 ($mul).
Removed top 8 bits (of 16) from port B of cell int8_matmul.$flatten\u_mac_array.\gen_row[3].gen_col[1].u_mac_pe.$mul$rtl/mac_pe.sv:26$783 ($mul).
Removed top 26 bits (of 32) from port A of cell int8_matmul.$flatten\u_mac_array.$add$rtl/mac_array.sv:76$1016 ($add).
Removed top 31 bits (of 32) from port B of cell int8_matmul.$flatten\u_mac_array.$add$rtl/mac_array.sv:76$1016 ($add).
Removed top 25 bits (of 32) from port Y of cell int8_matmul.$flatten\u_mac_array.$add$rtl/mac_array.sv:76$1016 ($add).
Converting cell int8_matmul.$flatten\u_mac_array.\gen_row[3].gen_col[0].u_mac_pe.$mul$rtl/mac_pe.sv:26$783 ($mul) from unsigned to signed.
Removed top 8 bits (of 16) from port A of cell int8_matmul.$flatten\u_mac_array.\gen_row[3].gen_col[0].u_mac_pe.$mul$rtl/mac_pe.sv:26$783 ($mul).
Removed top 8 bits (of 16) from port B of cell int8_matmul.$flatten\u_mac_array.\gen_row[3].gen_col[0].u_mac_pe.$mul$rtl/mac_pe.sv:26$783 ($mul).
Removed top 22 bits (of 32) from port B of cell int8_matmul.$flatten\u_mac_array.$shiftx$rtl/mac_array.sv:0$1010 ($shiftx).
Removed top 27 bits (of 32) from port A of cell int8_matmul.$flatten\u_mac_array.$add$rtl/mac_array.sv:64$1002 ($add).
Removed top 29 bits (of 32) from port B of cell int8_matmul.$flatten\u_mac_array.$add$rtl/mac_array.sv:64$1002 ($add).
Removed top 26 bits (of 32) from port Y of cell int8_matmul.$flatten\u_mac_array.$add$rtl/mac_array.sv:64$1002 ($add).
Converting cell int8_matmul.$flatten\u_mac_array.\gen_row[2].gen_col[7].u_mac_pe.$mul$rtl/mac_pe.sv:26$783 ($mul) from unsigned to signed.
Removed top 8 bits (of 16) from port A of cell int8_matmul.$flatten\u_mac_array.\gen_row[2].gen_col[7].u_mac_pe.$mul$rtl/mac_pe.sv:26$783 ($mul).
Removed top 8 bits (of 16) from port B of cell int8_matmul.$flatten\u_mac_array.\gen_row[2].gen_col[7].u_mac_pe.$mul$rtl/mac_pe.sv:26$783 ($mul).
Removed top 21 bits (of 32) from port B of cell int8_matmul.$flatten\u_mac_array.$shiftx$rtl/mac_array.sv:0$1001 ($shiftx).
Converting cell int8_matmul.$flatten\u_mac_array.\gen_row[2].gen_col[6].u_mac_pe.$mul$rtl/mac_pe.sv:26$783 ($mul) from unsigned to signed.
Removed top 8 bits (of 16) from port A of cell int8_matmul.$flatten\u_mac_array.\gen_row[2].gen_col[6].u_mac_pe.$mul$rtl/mac_pe.sv:26$783 ($mul).
Removed top 8 bits (of 16) from port B of cell int8_matmul.$flatten\u_mac_array.\gen_row[2].gen_col[6].u_mac_pe.$mul$rtl/mac_pe.sv:26$783 ($mul).
Converting cell int8_matmul.$flatten\u_mac_array.\gen_row[2].gen_col[5].u_mac_pe.$mul$rtl/mac_pe.sv:26$783 ($mul) from unsigned to signed.
Removed top 8 bits (of 16) from port A of cell int8_matmul.$flatten\u_mac_array.\gen_row[2].gen_col[5].u_mac_pe.$mul$rtl/mac_pe.sv:26$783 ($mul).
Removed top 8 bits (of 16) from port B of cell int8_matmul.$flatten\u_mac_array.\gen_row[2].gen_col[5].u_mac_pe.$mul$rtl/mac_pe.sv:26$783 ($mul).
Converting cell int8_matmul.$flatten\u_mac_array.\gen_row[2].gen_col[4].u_mac_pe.$mul$rtl/mac_pe.sv:26$783 ($mul) from unsigned to signed.
Removed top 8 bits (of 16) from port A of cell int8_matmul.$flatten\u_mac_array.\gen_row[2].gen_col[4].u_mac_pe.$mul$rtl/mac_pe.sv:26$783 ($mul).
Removed top 8 bits (of 16) from port B of cell int8_matmul.$flatten\u_mac_array.\gen_row[2].gen_col[4].u_mac_pe.$mul$rtl/mac_pe.sv:26$783 ($mul).
Converting cell int8_matmul.$flatten\u_mac_array.\gen_row[2].gen_col[3].u_mac_pe.$mul$rtl/mac_pe.sv:26$783 ($mul) from unsigned to signed.
Removed top 8 bits (of 16) from port A of cell int8_matmul.$flatten\u_mac_array.\gen_row[2].gen_col[3].u_mac_pe.$mul$rtl/mac_pe.sv:26$783 ($mul).
Removed top 8 bits (of 16) from port B of cell int8_matmul.$flatten\u_mac_array.\gen_row[2].gen_col[3].u_mac_pe.$mul$rtl/mac_pe.sv:26$783 ($mul).
Converting cell int8_matmul.$flatten\u_mac_array.\gen_row[2].gen_col[2].u_mac_pe.$mul$rtl/mac_pe.sv:26$783 ($mul) from unsigned to signed.
Removed top 8 bits (of 16) from port A of cell int8_matmul.$flatten\u_mac_array.\gen_row[2].gen_col[2].u_mac_pe.$mul$rtl/mac_pe.sv:26$783 ($mul).
Removed top 8 bits (of 16) from port B of cell int8_matmul.$flatten\u_mac_array.\gen_row[2].gen_col[2].u_mac_pe.$mul$rtl/mac_pe.sv:26$783 ($mul).
Converting cell int8_matmul.$flatten\u_mac_array.\gen_row[2].gen_col[1].u_mac_pe.$mul$rtl/mac_pe.sv:26$783 ($mul) from unsigned to signed.
Removed top 8 bits (of 16) from port A of cell int8_matmul.$flatten\u_mac_array.\gen_row[2].gen_col[1].u_mac_pe.$mul$rtl/mac_pe.sv:26$783 ($mul).
Removed top 8 bits (of 16) from port B of cell int8_matmul.$flatten\u_mac_array.\gen_row[2].gen_col[1].u_mac_pe.$mul$rtl/mac_pe.sv:26$783 ($mul).
Converting cell int8_matmul.$flatten\u_mac_array.\gen_row[2].gen_col[0].u_mac_pe.$mul$rtl/mac_pe.sv:26$783 ($mul) from unsigned to signed.
Removed top 8 bits (of 16) from port A of cell int8_matmul.$flatten\u_mac_array.\gen_row[2].gen_col[0].u_mac_pe.$mul$rtl/mac_pe.sv:26$783 ($mul).
Removed top 8 bits (of 16) from port B of cell int8_matmul.$flatten\u_mac_array.\gen_row[2].gen_col[0].u_mac_pe.$mul$rtl/mac_pe.sv:26$783 ($mul).
Removed top 27 bits (of 32) from port A of cell int8_matmul.$flatten\u_mac_array.$add$rtl/mac_array.sv:64$930 ($add).
Removed top 29 bits (of 32) from port B of cell int8_matmul.$flatten\u_mac_array.$add$rtl/mac_array.sv:64$930 ($add).
Removed top 26 bits (of 32) from port Y of cell int8_matmul.$flatten\u_mac_array.$add$rtl/mac_array.sv:64$930 ($add).
Converting cell int8_matmul.$flatten\u_mac_array.\gen_row[1].gen_col[7].u_mac_pe.$mul$rtl/mac_pe.sv:26$783 ($mul) from unsigned to signed.
Removed top 8 bits (of 16) from port A of cell int8_matmul.$flatten\u_mac_array.\gen_row[1].gen_col[7].u_mac_pe.$mul$rtl/mac_pe.sv:26$783 ($mul).
Removed top 8 bits (of 16) from port B of cell int8_matmul.$flatten\u_mac_array.\gen_row[1].gen_col[7].u_mac_pe.$mul$rtl/mac_pe.sv:26$783 ($mul).
Converting cell int8_matmul.$flatten\u_mac_array.\gen_row[1].gen_col[6].u_mac_pe.$mul$rtl/mac_pe.sv:26$783 ($mul) from unsigned to signed.
Removed top 8 bits (of 16) from port A of cell int8_matmul.$flatten\u_mac_array.\gen_row[1].gen_col[6].u_mac_pe.$mul$rtl/mac_pe.sv:26$783 ($mul).
Removed top 8 bits (of 16) from port B of cell int8_matmul.$flatten\u_mac_array.\gen_row[1].gen_col[6].u_mac_pe.$mul$rtl/mac_pe.sv:26$783 ($mul).
Converting cell int8_matmul.$flatten\u_mac_array.\gen_row[1].gen_col[5].u_mac_pe.$mul$rtl/mac_pe.sv:26$783 ($mul) from unsigned to signed.
Removed top 8 bits (of 16) from port A of cell int8_matmul.$flatten\u_mac_array.\gen_row[1].gen_col[5].u_mac_pe.$mul$rtl/mac_pe.sv:26$783 ($mul).
Removed top 8 bits (of 16) from port B of cell int8_matmul.$flatten\u_mac_array.\gen_row[1].gen_col[5].u_mac_pe.$mul$rtl/mac_pe.sv:26$783 ($mul).
Converting cell int8_matmul.$flatten\u_mac_array.\gen_row[1].gen_col[4].u_mac_pe.$mul$rtl/mac_pe.sv:26$783 ($mul) from unsigned to signed.
Removed top 8 bits (of 16) from port A of cell int8_matmul.$flatten\u_mac_array.\gen_row[1].gen_col[4].u_mac_pe.$mul$rtl/mac_pe.sv:26$783 ($mul).
Removed top 8 bits (of 16) from port B of cell int8_matmul.$flatten\u_mac_array.\gen_row[1].gen_col[4].u_mac_pe.$mul$rtl/mac_pe.sv:26$783 ($mul).
Converting cell int8_matmul.$flatten\u_mac_array.\gen_row[1].gen_col[3].u_mac_pe.$mul$rtl/mac_pe.sv:26$783 ($mul) from unsigned to signed.
Removed top 8 bits (of 16) from port A of cell int8_matmul.$flatten\u_mac_array.\gen_row[1].gen_col[3].u_mac_pe.$mul$rtl/mac_pe.sv:26$783 ($mul).
Removed top 8 bits (of 16) from port B of cell int8_matmul.$flatten\u_mac_array.\gen_row[1].gen_col[3].u_mac_pe.$mul$rtl/mac_pe.sv:26$783 ($mul).
Converting cell int8_matmul.$flatten\u_mac_array.\gen_row[1].gen_col[2].u_mac_pe.$mul$rtl/mac_pe.sv:26$783 ($mul) from unsigned to signed.
Removed top 8 bits (of 16) from port A of cell int8_matmul.$flatten\u_mac_array.\gen_row[1].gen_col[2].u_mac_pe.$mul$rtl/mac_pe.sv:26$783 ($mul).
Removed top 8 bits (of 16) from port B of cell int8_matmul.$flatten\u_mac_array.\gen_row[1].gen_col[2].u_mac_pe.$mul$rtl/mac_pe.sv:26$783 ($mul).
Converting cell int8_matmul.$flatten\u_mac_array.\gen_row[1].gen_col[1].u_mac_pe.$mul$rtl/mac_pe.sv:26$783 ($mul) from unsigned to signed.
Removed top 8 bits (of 16) from port A of cell int8_matmul.$flatten\u_mac_array.\gen_row[1].gen_col[1].u_mac_pe.$mul$rtl/mac_pe.sv:26$783 ($mul).
Removed top 8 bits (of 16) from port B of cell int8_matmul.$flatten\u_mac_array.\gen_row[1].gen_col[1].u_mac_pe.$mul$rtl/mac_pe.sv:26$783 ($mul).
Converting cell int8_matmul.$flatten\u_mac_array.\gen_row[1].gen_col[0].u_mac_pe.$mul$rtl/mac_pe.sv:26$783 ($mul) from unsigned to signed.
Removed top 8 bits (of 16) from port A of cell int8_matmul.$flatten\u_mac_array.\gen_row[1].gen_col[0].u_mac_pe.$mul$rtl/mac_pe.sv:26$783 ($mul).
Removed top 8 bits (of 16) from port B of cell int8_matmul.$flatten\u_mac_array.\gen_row[1].gen_col[0].u_mac_pe.$mul$rtl/mac_pe.sv:26$783 ($mul).
Removed top 28 bits (of 32) from port A of cell int8_matmul.$flatten\u_mac_array.$add$rtl/mac_array.sv:64$858 ($add).
Removed top 29 bits (of 32) from port B of cell int8_matmul.$flatten\u_mac_array.$add$rtl/mac_array.sv:64$858 ($add).
Removed top 27 bits (of 32) from port Y of cell int8_matmul.$flatten\u_mac_array.$add$rtl/mac_array.sv:64$858 ($add).
Converting cell int8_matmul.$flatten\u_mac_array.\gen_row[0].gen_col[7].u_mac_pe.$mul$rtl/mac_pe.sv:26$783 ($mul) from unsigned to signed.
Removed top 8 bits (of 16) from port A of cell int8_matmul.$flatten\u_mac_array.\gen_row[0].gen_col[7].u_mac_pe.$mul$rtl/mac_pe.sv:26$783 ($mul).
Removed top 8 bits (of 16) from port B of cell int8_matmul.$flatten\u_mac_array.\gen_row[0].gen_col[7].u_mac_pe.$mul$rtl/mac_pe.sv:26$783 ($mul).
Converting cell int8_matmul.$flatten\u_mac_array.\gen_row[0].gen_col[6].u_mac_pe.$mul$rtl/mac_pe.sv:26$783 ($mul) from unsigned to signed.
Removed top 8 bits (of 16) from port A of cell int8_matmul.$flatten\u_mac_array.\gen_row[0].gen_col[6].u_mac_pe.$mul$rtl/mac_pe.sv:26$783 ($mul).
Removed top 8 bits (of 16) from port B of cell int8_matmul.$flatten\u_mac_array.\gen_row[0].gen_col[6].u_mac_pe.$mul$rtl/mac_pe.sv:26$783 ($mul).
Converting cell int8_matmul.$flatten\u_mac_array.\gen_row[0].gen_col[5].u_mac_pe.$mul$rtl/mac_pe.sv:26$783 ($mul) from unsigned to signed.
Removed top 8 bits (of 16) from port A of cell int8_matmul.$flatten\u_mac_array.\gen_row[0].gen_col[5].u_mac_pe.$mul$rtl/mac_pe.sv:26$783 ($mul).
Removed top 8 bits (of 16) from port B of cell int8_matmul.$flatten\u_mac_array.\gen_row[0].gen_col[5].u_mac_pe.$mul$rtl/mac_pe.sv:26$783 ($mul).
Converting cell int8_matmul.$flatten\u_mac_array.\gen_row[0].gen_col[4].u_mac_pe.$mul$rtl/mac_pe.sv:26$783 ($mul) from unsigned to signed.
Removed top 8 bits (of 16) from port A of cell int8_matmul.$flatten\u_mac_array.\gen_row[0].gen_col[4].u_mac_pe.$mul$rtl/mac_pe.sv:26$783 ($mul).
Removed top 8 bits (of 16) from port B of cell int8_matmul.$flatten\u_mac_array.\gen_row[0].gen_col[4].u_mac_pe.$mul$rtl/mac_pe.sv:26$783 ($mul).
Converting cell int8_matmul.$flatten\u_mac_array.\gen_row[0].gen_col[3].u_mac_pe.$mul$rtl/mac_pe.sv:26$783 ($mul) from unsigned to signed.
Removed top 8 bits (of 16) from port A of cell int8_matmul.$flatten\u_mac_array.\gen_row[0].gen_col[3].u_mac_pe.$mul$rtl/mac_pe.sv:26$783 ($mul).
Removed top 8 bits (of 16) from port B of cell int8_matmul.$flatten\u_mac_array.\gen_row[0].gen_col[3].u_mac_pe.$mul$rtl/mac_pe.sv:26$783 ($mul).
Converting cell int8_matmul.$flatten\u_mac_array.\gen_row[0].gen_col[2].u_mac_pe.$mul$rtl/mac_pe.sv:26$783 ($mul) from unsigned to signed.
Removed top 8 bits (of 16) from port A of cell int8_matmul.$flatten\u_mac_array.\gen_row[0].gen_col[2].u_mac_pe.$mul$rtl/mac_pe.sv:26$783 ($mul).
Removed top 8 bits (of 16) from port B of cell int8_matmul.$flatten\u_mac_array.\gen_row[0].gen_col[2].u_mac_pe.$mul$rtl/mac_pe.sv:26$783 ($mul).
Converting cell int8_matmul.$flatten\u_mac_array.\gen_row[0].gen_col[1].u_mac_pe.$mul$rtl/mac_pe.sv:26$783 ($mul) from unsigned to signed.
Removed top 8 bits (of 16) from port A of cell int8_matmul.$flatten\u_mac_array.\gen_row[0].gen_col[1].u_mac_pe.$mul$rtl/mac_pe.sv:26$783 ($mul).
Removed top 8 bits (of 16) from port B of cell int8_matmul.$flatten\u_mac_array.\gen_row[0].gen_col[1].u_mac_pe.$mul$rtl/mac_pe.sv:26$783 ($mul).
Converting cell int8_matmul.$flatten\u_mac_array.\gen_row[0].gen_col[0].u_mac_pe.$mul$rtl/mac_pe.sv:26$783 ($mul) from unsigned to signed.
Removed top 8 bits (of 16) from port A of cell int8_matmul.$flatten\u_mac_array.\gen_row[0].gen_col[0].u_mac_pe.$mul$rtl/mac_pe.sv:26$783 ($mul).
Removed top 8 bits (of 16) from port B of cell int8_matmul.$flatten\u_mac_array.\gen_row[0].gen_col[0].u_mac_pe.$mul$rtl/mac_pe.sv:26$783 ($mul).
Removed top 25 bits (of 32) from port B of cell int8_matmul.$flatten\u_mac_array.$shiftx$rtl/mac_array.sv:0$789 ($shiftx).
Removed top 21 bits (of 32) from port B of cell int8_matmul.$flatten\u_mac_array.$shiftx$rtl/mac_array.sv:0$1293 ($shiftx).
Removed top 21 bits (of 32) from port B of cell int8_matmul.$flatten\u_mac_array.$shiftx$rtl/mac_array.sv:0$1221 ($shiftx).
Removed top 21 bits (of 32) from port B of cell int8_matmul.$flatten\u_mac_array.$shiftx$rtl/mac_array.sv:0$1149 ($shiftx).
Removed top 21 bits (of 32) from port B of cell int8_matmul.$flatten\u_mac_array.$shiftx$rtl/mac_array.sv:0$1077 ($shiftx).
Removed top 21 bits (of 32) from port B of cell int8_matmul.$flatten\u_mac_array.$shiftx$rtl/mac_array.sv:0$1064 ($shiftx).
Removed top 21 bits (of 32) from port B of cell int8_matmul.$flatten\u_mac_array.$shiftx$rtl/mac_array.sv:0$1055 ($shiftx).
Removed top 21 bits (of 32) from port B of cell int8_matmul.$flatten\u_mac_array.$shiftx$rtl/mac_array.sv:0$1046 ($shiftx).
Removed top 21 bits (of 32) from port B of cell int8_matmul.$flatten\u_mac_array.$shiftx$rtl/mac_array.sv:0$1037 ($shiftx).
Removed top 21 bits (of 32) from port B of cell int8_matmul.$flatten\u_mac_array.$shiftx$rtl/mac_array.sv:0$1028 ($shiftx).
Removed top 21 bits (of 32) from port B of cell int8_matmul.$flatten\u_mac_array.$shiftx$rtl/mac_array.sv:0$1019 ($shiftx).
Removed top 22 bits (of 32) from port B of cell int8_matmul.$flatten\u_mac_array.$shiftx$rtl/mac_array.sv:0$1005 ($shiftx).
Removed top 22 bits (of 32) from port B of cell int8_matmul.$flatten\u_mac_array.$shiftx$rtl/mac_array.sv:0$933 ($shiftx).
Removed top 23 bits (of 32) from port B of cell int8_matmul.$flatten\u_mac_array.$shiftx$rtl/mac_array.sv:0$861 ($shiftx).
Removed top 26 bits (of 32) from wire int8_matmul.$0$memwr$\a_matrix$rtl/int8_matmul.sv:108$627_ADDR[31:0]$630.
Removed top 26 bits (of 32) from wire int8_matmul.$0$memwr$\b_matrix$rtl/int8_matmul.sv:113$628_ADDR[31:0]$633.
Removed top 26 bits (of 32) from wire int8_matmul.$add$rtl/int8_matmul.sv:0$640_Y.
Removed top 26 bits (of 32) from wire int8_matmul.$add$rtl/int8_matmul.sv:0$652_Y.
Removed top 22 bits (of 32) from wire int8_matmul.$flatten\u_mac_array.$add$rtl/mac_array.sv:0$1000_Y.
Removed top 23 bits (of 32) from wire int8_matmul.$flatten\u_mac_array.$add$rtl/mac_array.sv:0$1004_Y.
Removed top 22 bits (of 32) from wire int8_matmul.$flatten\u_mac_array.$add$rtl/mac_array.sv:0$1018_Y.
Removed top 22 bits (of 32) from wire int8_matmul.$flatten\u_mac_array.$add$rtl/mac_array.sv:0$1027_Y.
Removed top 22 bits (of 32) from wire int8_matmul.$flatten\u_mac_array.$add$rtl/mac_array.sv:0$1036_Y.
Removed top 22 bits (of 32) from wire int8_matmul.$flatten\u_mac_array.$add$rtl/mac_array.sv:0$1045_Y.
Removed top 22 bits (of 32) from wire int8_matmul.$flatten\u_mac_array.$add$rtl/mac_array.sv:0$1054_Y.
Removed top 22 bits (of 32) from wire int8_matmul.$flatten\u_mac_array.$add$rtl/mac_array.sv:0$1063_Y.
Removed top 22 bits (of 32) from wire int8_matmul.$flatten\u_mac_array.$add$rtl/mac_array.sv:0$1076_Y.
Removed top 22 bits (of 32) from wire int8_matmul.$flatten\u_mac_array.$add$rtl/mac_array.sv:0$1148_Y.
Removed top 22 bits (of 32) from wire int8_matmul.$flatten\u_mac_array.$add$rtl/mac_array.sv:0$1220_Y.
Removed top 22 bits (of 32) from wire int8_matmul.$flatten\u_mac_array.$add$rtl/mac_array.sv:0$1292_Y.
Removed top 24 bits (of 32) from wire int8_matmul.$flatten\u_mac_array.$add$rtl/mac_array.sv:0$860_Y.
Removed top 23 bits (of 32) from wire int8_matmul.$flatten\u_mac_array.$add$rtl/mac_array.sv:0$932_Y.

6.11. Executing PEEPOPT pass (run peephole optimizers).
shiftadd pattern in int8_matmul: shift=$flatten\u_mac_array.$shiftx$rtl/mac_array.sv:0$1001, add/sub=$flatten\u_mac_array.$add$rtl/mac_array.sv:76$1070, offset: 56
shiftadd pattern in int8_matmul: shift=$flatten\u_mac_array.$shiftx$rtl/mac_array.sv:0$1005, add/sub=$flatten\u_mac_array.$add$rtl/mac_array.sv:64$1002, offset: 192
shiftadd pattern in int8_matmul: shift=$flatten\u_mac_array.$shiftx$rtl/mac_array.sv:0$1019, add/sub=$flatten\u_mac_array.$add$rtl/mac_array.sv:76$1016, offset: 8
shiftadd pattern in int8_matmul: shift=$flatten\u_mac_array.$shiftx$rtl/mac_array.sv:0$1028, add/sub=$flatten\u_mac_array.$add$rtl/mac_array.sv:76$1025, offset: 16
shiftadd pattern in int8_matmul: shift=$flatten\u_mac_array.$shiftx$rtl/mac_array.sv:0$1037, add/sub=$flatten\u_mac_array.$add$rtl/mac_array.sv:76$1034, offset: 24
shiftadd pattern in int8_matmul: shift=$flatten\u_mac_array.$shiftx$rtl/mac_array.sv:0$1046, add/sub=$flatten\u_mac_array.$add$rtl/mac_array.sv:76$1043, offset: 32
shiftadd pattern in int8_matmul: shift=$flatten\u_mac_array.$shiftx$rtl/mac_array.sv:0$1055, add/sub=$flatten\u_mac_array.$add$rtl/mac_array.sv:76$1052, offset: 40
shiftadd pattern in int8_matmul: shift=$flatten\u_mac_array.$shiftx$rtl/mac_array.sv:0$1064, add/sub=$flatten\u_mac_array.$add$rtl/mac_array.sv:76$1061, offset: 48
shiftadd pattern in int8_matmul: shift=$flatten\u_mac_array.$shiftx$rtl/mac_array.sv:0$1077, add/sub=$flatten\u_mac_array.$add$rtl/mac_array.sv:64$1074, offset: 256
shiftadd pattern in int8_matmul: shift=$flatten\u_mac_array.$shiftx$rtl/mac_array.sv:0$1149, add/sub=$flatten\u_mac_array.$add$rtl/mac_array.sv:64$1146, offset: 320
shiftadd pattern in int8_matmul: shift=$flatten\u_mac_array.$shiftx$rtl/mac_array.sv:0$1221, add/sub=$flatten\u_mac_array.$add$rtl/mac_array.sv:64$1218, offset: 384
shiftadd pattern in int8_matmul: shift=$flatten\u_mac_array.$shiftx$rtl/mac_array.sv:0$1293, add/sub=$flatten\u_mac_array.$add$rtl/mac_array.sv:64$1290, offset: 448
shiftadd pattern in int8_matmul: shift=$flatten\u_mac_array.$shiftx$rtl/mac_array.sv:0$861, add/sub=$flatten\u_mac_array.$add$rtl/mac_array.sv:64$858, offset: 64
shiftadd pattern in int8_matmul: shift=$flatten\u_mac_array.$shiftx$rtl/mac_array.sv:0$933, add/sub=$flatten\u_mac_array.$add$rtl/mac_array.sv:64$930, offset: 128

6.12. Executing OPT_CLEAN pass (remove unused cells and wires).
Finding unused cells or wires in module \int8_matmul..
Removed 14 unused cells and 46 unused wires.
<suppressed ~15 debug messages>

6.13. Executing ALUMACC pass (create $alu and $macc cells).
Extracting $alu and $macc cells in module int8_matmul:
  creating $macc model for $add$rtl/int8_matmul.sv:0$640 ($add).
  creating $macc model for $add$rtl/int8_matmul.sv:0$652 ($add).
  creating $macc model for $flatten\u_controller.$add$rtl/matmul_controller.sv:148$601 ($add).
  creating $macc model for $flatten\u_controller.$add$rtl/matmul_controller.sv:189$606 ($add).
  creating $macc model for $flatten\u_controller.$add$rtl/matmul_controller.sv:207$608 ($add).
  creating $macc model for $flatten\u_mac_array.\gen_row[0].gen_col[0].u_mac_pe.$add$rtl/mac_pe.sv:36$785 ($add).
  creating $macc model for $flatten\u_mac_array.\gen_row[0].gen_col[0].u_mac_pe.$mul$rtl/mac_pe.sv:26$783 ($mul).
  creating $macc model for $flatten\u_mac_array.\gen_row[0].gen_col[1].u_mac_pe.$add$rtl/mac_pe.sv:36$785 ($add).
  creating $macc model for $flatten\u_mac_array.\gen_row[0].gen_col[1].u_mac_pe.$mul$rtl/mac_pe.sv:26$783 ($mul).
  creating $macc model for $flatten\u_mac_array.\gen_row[0].gen_col[2].u_mac_pe.$add$rtl/mac_pe.sv:36$785 ($add).
  creating $macc model for $flatten\u_mac_array.\gen_row[0].gen_col[2].u_mac_pe.$mul$rtl/mac_pe.sv:26$783 ($mul).
  creating $macc model for $flatten\u_mac_array.\gen_row[0].gen_col[3].u_mac_pe.$add$rtl/mac_pe.sv:36$785 ($add).
  creating $macc model for $flatten\u_mac_array.\gen_row[0].gen_col[3].u_mac_pe.$mul$rtl/mac_pe.sv:26$783 ($mul).
  creating $macc model for $flatten\u_mac_array.\gen_row[0].gen_col[4].u_mac_pe.$add$rtl/mac_pe.sv:36$785 ($add).
  creating $macc model for $flatten\u_mac_array.\gen_row[0].gen_col[4].u_mac_pe.$mul$rtl/mac_pe.sv:26$783 ($mul).
  creating $macc model for $flatten\u_mac_array.\gen_row[0].gen_col[5].u_mac_pe.$add$rtl/mac_pe.sv:36$785 ($add).
  creating $macc model for $flatten\u_mac_array.\gen_row[0].gen_col[5].u_mac_pe.$mul$rtl/mac_pe.sv:26$783 ($mul).
  creating $macc model for $flatten\u_mac_array.\gen_row[0].gen_col[6].u_mac_pe.$add$rtl/mac_pe.sv:36$785 ($add).
  creating $macc model for $flatten\u_mac_array.\gen_row[0].gen_col[6].u_mac_pe.$mul$rtl/mac_pe.sv:26$783 ($mul).
  creating $macc model for $flatten\u_mac_array.\gen_row[0].gen_col[7].u_mac_pe.$add$rtl/mac_pe.sv:36$785 ($add).
  creating $macc model for $flatten\u_mac_array.\gen_row[0].gen_col[7].u_mac_pe.$mul$rtl/mac_pe.sv:26$783 ($mul).
  creating $macc model for $flatten\u_mac_array.\gen_row[1].gen_col[0].u_mac_pe.$add$rtl/mac_pe.sv:36$785 ($add).
  creating $macc model for $flatten\u_mac_array.\gen_row[1].gen_col[0].u_mac_pe.$mul$rtl/mac_pe.sv:26$783 ($mul).
  creating $macc model for $flatten\u_mac_array.\gen_row[1].gen_col[1].u_mac_pe.$add$rtl/mac_pe.sv:36$785 ($add).
  creating $macc model for $flatten\u_mac_array.\gen_row[1].gen_col[1].u_mac_pe.$mul$rtl/mac_pe.sv:26$783 ($mul).
  creating $macc model for $flatten\u_mac_array.\gen_row[1].gen_col[2].u_mac_pe.$add$rtl/mac_pe.sv:36$785 ($add).
  creating $macc model for $flatten\u_mac_array.\gen_row[1].gen_col[2].u_mac_pe.$mul$rtl/mac_pe.sv:26$783 ($mul).
  creating $macc model for $flatten\u_mac_array.\gen_row[1].gen_col[3].u_mac_pe.$add$rtl/mac_pe.sv:36$785 ($add).
  creating $macc model for $flatten\u_mac_array.\gen_row[1].gen_col[3].u_mac_pe.$mul$rtl/mac_pe.sv:26$783 ($mul).
  creating $macc model for $flatten\u_mac_array.\gen_row[1].gen_col[4].u_mac_pe.$add$rtl/mac_pe.sv:36$785 ($add).
  creating $macc model for $flatten\u_mac_array.\gen_row[1].gen_col[4].u_mac_pe.$mul$rtl/mac_pe.sv:26$783 ($mul).
  creating $macc model for $flatten\u_mac_array.\gen_row[1].gen_col[5].u_mac_pe.$add$rtl/mac_pe.sv:36$785 ($add).
  creating $macc model for $flatten\u_mac_array.\gen_row[1].gen_col[5].u_mac_pe.$mul$rtl/mac_pe.sv:26$783 ($mul).
  creating $macc model for $flatten\u_mac_array.\gen_row[1].gen_col[6].u_mac_pe.$add$rtl/mac_pe.sv:36$785 ($add).
  creating $macc model for $flatten\u_mac_array.\gen_row[1].gen_col[6].u_mac_pe.$mul$rtl/mac_pe.sv:26$783 ($mul).
  creating $macc model for $flatten\u_mac_array.\gen_row[1].gen_col[7].u_mac_pe.$add$rtl/mac_pe.sv:36$785 ($add).
  creating $macc model for $flatten\u_mac_array.\gen_row[1].gen_col[7].u_mac_pe.$mul$rtl/mac_pe.sv:26$783 ($mul).
  creating $macc model for $flatten\u_mac_array.\gen_row[2].gen_col[0].u_mac_pe.$add$rtl/mac_pe.sv:36$785 ($add).
  creating $macc model for $flatten\u_mac_array.\gen_row[2].gen_col[0].u_mac_pe.$mul$rtl/mac_pe.sv:26$783 ($mul).
  creating $macc model for $flatten\u_mac_array.\gen_row[2].gen_col[1].u_mac_pe.$add$rtl/mac_pe.sv:36$785 ($add).
  creating $macc model for $flatten\u_mac_array.\gen_row[2].gen_col[1].u_mac_pe.$mul$rtl/mac_pe.sv:26$783 ($mul).
  creating $macc model for $flatten\u_mac_array.\gen_row[2].gen_col[2].u_mac_pe.$add$rtl/mac_pe.sv:36$785 ($add).
  creating $macc model for $flatten\u_mac_array.\gen_row[2].gen_col[2].u_mac_pe.$mul$rtl/mac_pe.sv:26$783 ($mul).
  creating $macc model for $flatten\u_mac_array.\gen_row[2].gen_col[3].u_mac_pe.$add$rtl/mac_pe.sv:36$785 ($add).
  creating $macc model for $flatten\u_mac_array.\gen_row[2].gen_col[3].u_mac_pe.$mul$rtl/mac_pe.sv:26$783 ($mul).
  creating $macc model for $flatten\u_mac_array.\gen_row[2].gen_col[4].u_mac_pe.$add$rtl/mac_pe.sv:36$785 ($add).
  creating $macc model for $flatten\u_mac_array.\gen_row[2].gen_col[4].u_mac_pe.$mul$rtl/mac_pe.sv:26$783 ($mul).
  creating $macc model for $flatten\u_mac_array.\gen_row[2].gen_col[5].u_mac_pe.$add$rtl/mac_pe.sv:36$785 ($add).
  creating $macc model for $flatten\u_mac_array.\gen_row[2].gen_col[5].u_mac_pe.$mul$rtl/mac_pe.sv:26$783 ($mul).
  creating $macc model for $flatten\u_mac_array.\gen_row[2].gen_col[6].u_mac_pe.$add$rtl/mac_pe.sv:36$785 ($add).
  creating $macc model for $flatten\u_mac_array.\gen_row[2].gen_col[6].u_mac_pe.$mul$rtl/mac_pe.sv:26$783 ($mul).
  creating $macc model for $flatten\u_mac_array.\gen_row[2].gen_col[7].u_mac_pe.$add$rtl/mac_pe.sv:36$785 ($add).
  creating $macc model for $flatten\u_mac_array.\gen_row[2].gen_col[7].u_mac_pe.$mul$rtl/mac_pe.sv:26$783 ($mul).
  creating $macc model for $flatten\u_mac_array.\gen_row[3].gen_col[0].u_mac_pe.$add$rtl/mac_pe.sv:36$785 ($add).
  creating $macc model for $flatten\u_mac_array.\gen_row[3].gen_col[0].u_mac_pe.$mul$rtl/mac_pe.sv:26$783 ($mul).
  creating $macc model for $flatten\u_mac_array.\gen_row[3].gen_col[1].u_mac_pe.$add$rtl/mac_pe.sv:36$785 ($add).
  creating $macc model for $flatten\u_mac_array.\gen_row[3].gen_col[1].u_mac_pe.$mul$rtl/mac_pe.sv:26$783 ($mul).
  creating $macc model for $flatten\u_mac_array.\gen_row[3].gen_col[2].u_mac_pe.$add$rtl/mac_pe.sv:36$785 ($add).
  creating $macc model for $flatten\u_mac_array.\gen_row[3].gen_col[2].u_mac_pe.$mul$rtl/mac_pe.sv:26$783 ($mul).
  creating $macc model for $flatten\u_mac_array.\gen_row[3].gen_col[3].u_mac_pe.$add$rtl/mac_pe.sv:36$785 ($add).
  creating $macc model for $flatten\u_mac_array.\gen_row[3].gen_col[3].u_mac_pe.$mul$rtl/mac_pe.sv:26$783 ($mul).
  creating $macc model for $flatten\u_mac_array.\gen_row[3].gen_col[4].u_mac_pe.$add$rtl/mac_pe.sv:36$785 ($add).
  creating $macc model for $flatten\u_mac_array.\gen_row[3].gen_col[4].u_mac_pe.$mul$rtl/mac_pe.sv:26$783 ($mul).
  creating $macc model for $flatten\u_mac_array.\gen_row[3].gen_col[5].u_mac_pe.$add$rtl/mac_pe.sv:36$785 ($add).
  creating $macc model for $flatten\u_mac_array.\gen_row[3].gen_col[5].u_mac_pe.$mul$rtl/mac_pe.sv:26$783 ($mul).
  creating $macc model for $flatten\u_mac_array.\gen_row[3].gen_col[6].u_mac_pe.$add$rtl/mac_pe.sv:36$785 ($add).
  creating $macc model for $flatten\u_mac_array.\gen_row[3].gen_col[6].u_mac_pe.$mul$rtl/mac_pe.sv:26$783 ($mul).
  creating $macc model for $flatten\u_mac_array.\gen_row[3].gen_col[7].u_mac_pe.$add$rtl/mac_pe.sv:36$785 ($add).
  creating $macc model for $flatten\u_mac_array.\gen_row[3].gen_col[7].u_mac_pe.$mul$rtl/mac_pe.sv:26$783 ($mul).
  creating $macc model for $flatten\u_mac_array.\gen_row[4].gen_col[0].u_mac_pe.$add$rtl/mac_pe.sv:36$785 ($add).
  creating $macc model for $flatten\u_mac_array.\gen_row[4].gen_col[0].u_mac_pe.$mul$rtl/mac_pe.sv:26$783 ($mul).
  creating $macc model for $flatten\u_mac_array.\gen_row[4].gen_col[1].u_mac_pe.$add$rtl/mac_pe.sv:36$785 ($add).
  creating $macc model for $flatten\u_mac_array.\gen_row[4].gen_col[1].u_mac_pe.$mul$rtl/mac_pe.sv:26$783 ($mul).
  creating $macc model for $flatten\u_mac_array.\gen_row[4].gen_col[2].u_mac_pe.$add$rtl/mac_pe.sv:36$785 ($add).
  creating $macc model for $flatten\u_mac_array.\gen_row[4].gen_col[2].u_mac_pe.$mul$rtl/mac_pe.sv:26$783 ($mul).
  creating $macc model for $flatten\u_mac_array.\gen_row[4].gen_col[3].u_mac_pe.$add$rtl/mac_pe.sv:36$785 ($add).
  creating $macc model for $flatten\u_mac_array.\gen_row[4].gen_col[3].u_mac_pe.$mul$rtl/mac_pe.sv:26$783 ($mul).
  creating $macc model for $flatten\u_mac_array.\gen_row[4].gen_col[4].u_mac_pe.$add$rtl/mac_pe.sv:36$785 ($add).
  creating $macc model for $flatten\u_mac_array.\gen_row[4].gen_col[4].u_mac_pe.$mul$rtl/mac_pe.sv:26$783 ($mul).
  creating $macc model for $flatten\u_mac_array.\gen_row[4].gen_col[5].u_mac_pe.$add$rtl/mac_pe.sv:36$785 ($add).
  creating $macc model for $flatten\u_mac_array.\gen_row[4].gen_col[5].u_mac_pe.$mul$rtl/mac_pe.sv:26$783 ($mul).
  creating $macc model for $flatten\u_mac_array.\gen_row[4].gen_col[6].u_mac_pe.$add$rtl/mac_pe.sv:36$785 ($add).
  creating $macc model for $flatten\u_mac_array.\gen_row[4].gen_col[6].u_mac_pe.$mul$rtl/mac_pe.sv:26$783 ($mul).
  creating $macc model for $flatten\u_mac_array.\gen_row[4].gen_col[7].u_mac_pe.$add$rtl/mac_pe.sv:36$785 ($add).
  creating $macc model for $flatten\u_mac_array.\gen_row[4].gen_col[7].u_mac_pe.$mul$rtl/mac_pe.sv:26$783 ($mul).
  creating $macc model for $flatten\u_mac_array.\gen_row[5].gen_col[0].u_mac_pe.$add$rtl/mac_pe.sv:36$785 ($add).
  creating $macc model for $flatten\u_mac_array.\gen_row[5].gen_col[0].u_mac_pe.$mul$rtl/mac_pe.sv:26$783 ($mul).
  creating $macc model for $flatten\u_mac_array.\gen_row[5].gen_col[1].u_mac_pe.$add$rtl/mac_pe.sv:36$785 ($add).
  creating $macc model for $flatten\u_mac_array.\gen_row[5].gen_col[1].u_mac_pe.$mul$rtl/mac_pe.sv:26$783 ($mul).
  creating $macc model for $flatten\u_mac_array.\gen_row[5].gen_col[2].u_mac_pe.$add$rtl/mac_pe.sv:36$785 ($add).
  creating $macc model for $flatten\u_mac_array.\gen_row[5].gen_col[2].u_mac_pe.$mul$rtl/mac_pe.sv:26$783 ($mul).
  creating $macc model for $flatten\u_mac_array.\gen_row[5].gen_col[3].u_mac_pe.$add$rtl/mac_pe.sv:36$785 ($add).
  creating $macc model for $flatten\u_mac_array.\gen_row[5].gen_col[3].u_mac_pe.$mul$rtl/mac_pe.sv:26$783 ($mul).
  creating $macc model for $flatten\u_mac_array.\gen_row[5].gen_col[4].u_mac_pe.$add$rtl/mac_pe.sv:36$785 ($add).
  creating $macc model for $flatten\u_mac_array.\gen_row[5].gen_col[4].u_mac_pe.$mul$rtl/mac_pe.sv:26$783 ($mul).
  creating $macc model for $flatten\u_mac_array.\gen_row[5].gen_col[5].u_mac_pe.$add$rtl/mac_pe.sv:36$785 ($add).
  creating $macc model for $flatten\u_mac_array.\gen_row[5].gen_col[5].u_mac_pe.$mul$rtl/mac_pe.sv:26$783 ($mul).
  creating $macc model for $flatten\u_mac_array.\gen_row[5].gen_col[6].u_mac_pe.$add$rtl/mac_pe.sv:36$785 ($add).
  creating $macc model for $flatten\u_mac_array.\gen_row[5].gen_col[6].u_mac_pe.$mul$rtl/mac_pe.sv:26$783 ($mul).
  creating $macc model for $flatten\u_mac_array.\gen_row[5].gen_col[7].u_mac_pe.$add$rtl/mac_pe.sv:36$785 ($add).
  creating $macc model for $flatten\u_mac_array.\gen_row[5].gen_col[7].u_mac_pe.$mul$rtl/mac_pe.sv:26$783 ($mul).
  creating $macc model for $flatten\u_mac_array.\gen_row[6].gen_col[0].u_mac_pe.$add$rtl/mac_pe.sv:36$785 ($add).
  creating $macc model for $flatten\u_mac_array.\gen_row[6].gen_col[0].u_mac_pe.$mul$rtl/mac_pe.sv:26$783 ($mul).
  creating $macc model for $flatten\u_mac_array.\gen_row[6].gen_col[1].u_mac_pe.$add$rtl/mac_pe.sv:36$785 ($add).
  creating $macc model for $flatten\u_mac_array.\gen_row[6].gen_col[1].u_mac_pe.$mul$rtl/mac_pe.sv:26$783 ($mul).
  creating $macc model for $flatten\u_mac_array.\gen_row[6].gen_col[2].u_mac_pe.$add$rtl/mac_pe.sv:36$785 ($add).
  creating $macc model for $flatten\u_mac_array.\gen_row[6].gen_col[2].u_mac_pe.$mul$rtl/mac_pe.sv:26$783 ($mul).
  creating $macc model for $flatten\u_mac_array.\gen_row[6].gen_col[3].u_mac_pe.$add$rtl/mac_pe.sv:36$785 ($add).
  creating $macc model for $flatten\u_mac_array.\gen_row[6].gen_col[3].u_mac_pe.$mul$rtl/mac_pe.sv:26$783 ($mul).
  creating $macc model for $flatten\u_mac_array.\gen_row[6].gen_col[4].u_mac_pe.$add$rtl/mac_pe.sv:36$785 ($add).
  creating $macc model for $flatten\u_mac_array.\gen_row[6].gen_col[4].u_mac_pe.$mul$rtl/mac_pe.sv:26$783 ($mul).
  creating $macc model for $flatten\u_mac_array.\gen_row[6].gen_col[5].u_mac_pe.$add$rtl/mac_pe.sv:36$785 ($add).
  creating $macc model for $flatten\u_mac_array.\gen_row[6].gen_col[5].u_mac_pe.$mul$rtl/mac_pe.sv:26$783 ($mul).
  creating $macc model for $flatten\u_mac_array.\gen_row[6].gen_col[6].u_mac_pe.$add$rtl/mac_pe.sv:36$785 ($add).
  creating $macc model for $flatten\u_mac_array.\gen_row[6].gen_col[6].u_mac_pe.$mul$rtl/mac_pe.sv:26$783 ($mul).
  creating $macc model for $flatten\u_mac_array.\gen_row[6].gen_col[7].u_mac_pe.$add$rtl/mac_pe.sv:36$785 ($add).
  creating $macc model for $flatten\u_mac_array.\gen_row[6].gen_col[7].u_mac_pe.$mul$rtl/mac_pe.sv:26$783 ($mul).
  creating $macc model for $flatten\u_mac_array.\gen_row[7].gen_col[0].u_mac_pe.$add$rtl/mac_pe.sv:36$785 ($add).
  creating $macc model for $flatten\u_mac_array.\gen_row[7].gen_col[0].u_mac_pe.$mul$rtl/mac_pe.sv:26$783 ($mul).
  creating $macc model for $flatten\u_mac_array.\gen_row[7].gen_col[1].u_mac_pe.$add$rtl/mac_pe.sv:36$785 ($add).
  creating $macc model for $flatten\u_mac_array.\gen_row[7].gen_col[1].u_mac_pe.$mul$rtl/mac_pe.sv:26$783 ($mul).
  creating $macc model for $flatten\u_mac_array.\gen_row[7].gen_col[2].u_mac_pe.$add$rtl/mac_pe.sv:36$785 ($add).
  creating $macc model for $flatten\u_mac_array.\gen_row[7].gen_col[2].u_mac_pe.$mul$rtl/mac_pe.sv:26$783 ($mul).
  creating $macc model for $flatten\u_mac_array.\gen_row[7].gen_col[3].u_mac_pe.$add$rtl/mac_pe.sv:36$785 ($add).
  creating $macc model for $flatten\u_mac_array.\gen_row[7].gen_col[3].u_mac_pe.$mul$rtl/mac_pe.sv:26$783 ($mul).
  creating $macc model for $flatten\u_mac_array.\gen_row[7].gen_col[4].u_mac_pe.$add$rtl/mac_pe.sv:36$785 ($add).
  creating $macc model for $flatten\u_mac_array.\gen_row[7].gen_col[4].u_mac_pe.$mul$rtl/mac_pe.sv:26$783 ($mul).
  creating $macc model for $flatten\u_mac_array.\gen_row[7].gen_col[5].u_mac_pe.$add$rtl/mac_pe.sv:36$785 ($add).
  creating $macc model for $flatten\u_mac_array.\gen_row[7].gen_col[5].u_mac_pe.$mul$rtl/mac_pe.sv:26$783 ($mul).
  creating $macc model for $flatten\u_mac_array.\gen_row[7].gen_col[6].u_mac_pe.$add$rtl/mac_pe.sv:36$785 ($add).
  creating $macc model for $flatten\u_mac_array.\gen_row[7].gen_col[6].u_mac_pe.$mul$rtl/mac_pe.sv:26$783 ($mul).
  creating $macc model for $flatten\u_mac_array.\gen_row[7].gen_col[7].u_mac_pe.$add$rtl/mac_pe.sv:36$785 ($add).
  creating $macc model for $flatten\u_mac_array.\gen_row[7].gen_col[7].u_mac_pe.$mul$rtl/mac_pe.sv:26$783 ($mul).
  merging $macc model for $flatten\u_mac_array.\gen_row[7].gen_col[7].u_mac_pe.$mul$rtl/mac_pe.sv:26$783 into $flatten\u_mac_array.\gen_row[7].gen_col[7].u_mac_pe.$add$rtl/mac_pe.sv:36$785.
  merging $macc model for $flatten\u_mac_array.\gen_row[7].gen_col[6].u_mac_pe.$mul$rtl/mac_pe.sv:26$783 into $flatten\u_mac_array.\gen_row[7].gen_col[6].u_mac_pe.$add$rtl/mac_pe.sv:36$785.
  merging $macc model for $flatten\u_mac_array.\gen_row[7].gen_col[5].u_mac_pe.$mul$rtl/mac_pe.sv:26$783 into $flatten\u_mac_array.\gen_row[7].gen_col[5].u_mac_pe.$add$rtl/mac_pe.sv:36$785.
  merging $macc model for $flatten\u_mac_array.\gen_row[7].gen_col[4].u_mac_pe.$mul$rtl/mac_pe.sv:26$783 into $flatten\u_mac_array.\gen_row[7].gen_col[4].u_mac_pe.$add$rtl/mac_pe.sv:36$785.
  merging $macc model for $flatten\u_mac_array.\gen_row[7].gen_col[3].u_mac_pe.$mul$rtl/mac_pe.sv:26$783 into $flatten\u_mac_array.\gen_row[7].gen_col[3].u_mac_pe.$add$rtl/mac_pe.sv:36$785.
  merging $macc model for $flatten\u_mac_array.\gen_row[7].gen_col[2].u_mac_pe.$mul$rtl/mac_pe.sv:26$783 into $flatten\u_mac_array.\gen_row[7].gen_col[2].u_mac_pe.$add$rtl/mac_pe.sv:36$785.
  merging $macc model for $flatten\u_mac_array.\gen_row[7].gen_col[1].u_mac_pe.$mul$rtl/mac_pe.sv:26$783 into $flatten\u_mac_array.\gen_row[7].gen_col[1].u_mac_pe.$add$rtl/mac_pe.sv:36$785.
  merging $macc model for $flatten\u_mac_array.\gen_row[7].gen_col[0].u_mac_pe.$mul$rtl/mac_pe.sv:26$783 into $flatten\u_mac_array.\gen_row[7].gen_col[0].u_mac_pe.$add$rtl/mac_pe.sv:36$785.
  merging $macc model for $flatten\u_mac_array.\gen_row[6].gen_col[7].u_mac_pe.$mul$rtl/mac_pe.sv:26$783 into $flatten\u_mac_array.\gen_row[6].gen_col[7].u_mac_pe.$add$rtl/mac_pe.sv:36$785.
  merging $macc model for $flatten\u_mac_array.\gen_row[6].gen_col[6].u_mac_pe.$mul$rtl/mac_pe.sv:26$783 into $flatten\u_mac_array.\gen_row[6].gen_col[6].u_mac_pe.$add$rtl/mac_pe.sv:36$785.
  merging $macc model for $flatten\u_mac_array.\gen_row[6].gen_col[5].u_mac_pe.$mul$rtl/mac_pe.sv:26$783 into $flatten\u_mac_array.\gen_row[6].gen_col[5].u_mac_pe.$add$rtl/mac_pe.sv:36$785.
  merging $macc model for $flatten\u_mac_array.\gen_row[6].gen_col[4].u_mac_pe.$mul$rtl/mac_pe.sv:26$783 into $flatten\u_mac_array.\gen_row[6].gen_col[4].u_mac_pe.$add$rtl/mac_pe.sv:36$785.
  merging $macc model for $flatten\u_mac_array.\gen_row[6].gen_col[3].u_mac_pe.$mul$rtl/mac_pe.sv:26$783 into $flatten\u_mac_array.\gen_row[6].gen_col[3].u_mac_pe.$add$rtl/mac_pe.sv:36$785.
  merging $macc model for $flatten\u_mac_array.\gen_row[6].gen_col[2].u_mac_pe.$mul$rtl/mac_pe.sv:26$783 into $flatten\u_mac_array.\gen_row[6].gen_col[2].u_mac_pe.$add$rtl/mac_pe.sv:36$785.
  merging $macc model for $flatten\u_mac_array.\gen_row[6].gen_col[1].u_mac_pe.$mul$rtl/mac_pe.sv:26$783 into $flatten\u_mac_array.\gen_row[6].gen_col[1].u_mac_pe.$add$rtl/mac_pe.sv:36$785.
  merging $macc model for $flatten\u_mac_array.\gen_row[6].gen_col[0].u_mac_pe.$mul$rtl/mac_pe.sv:26$783 into $flatten\u_mac_array.\gen_row[6].gen_col[0].u_mac_pe.$add$rtl/mac_pe.sv:36$785.
  merging $macc model for $flatten\u_mac_array.\gen_row[5].gen_col[7].u_mac_pe.$mul$rtl/mac_pe.sv:26$783 into $flatten\u_mac_array.\gen_row[5].gen_col[7].u_mac_pe.$add$rtl/mac_pe.sv:36$785.
  merging $macc model for $flatten\u_mac_array.\gen_row[5].gen_col[6].u_mac_pe.$mul$rtl/mac_pe.sv:26$783 into $flatten\u_mac_array.\gen_row[5].gen_col[6].u_mac_pe.$add$rtl/mac_pe.sv:36$785.
  merging $macc model for $flatten\u_mac_array.\gen_row[5].gen_col[5].u_mac_pe.$mul$rtl/mac_pe.sv:26$783 into $flatten\u_mac_array.\gen_row[5].gen_col[5].u_mac_pe.$add$rtl/mac_pe.sv:36$785.
  merging $macc model for $flatten\u_mac_array.\gen_row[5].gen_col[4].u_mac_pe.$mul$rtl/mac_pe.sv:26$783 into $flatten\u_mac_array.\gen_row[5].gen_col[4].u_mac_pe.$add$rtl/mac_pe.sv:36$785.
  merging $macc model for $flatten\u_mac_array.\gen_row[5].gen_col[3].u_mac_pe.$mul$rtl/mac_pe.sv:26$783 into $flatten\u_mac_array.\gen_row[5].gen_col[3].u_mac_pe.$add$rtl/mac_pe.sv:36$785.
  merging $macc model for $flatten\u_mac_array.\gen_row[5].gen_col[2].u_mac_pe.$mul$rtl/mac_pe.sv:26$783 into $flatten\u_mac_array.\gen_row[5].gen_col[2].u_mac_pe.$add$rtl/mac_pe.sv:36$785.
  merging $macc model for $flatten\u_mac_array.\gen_row[5].gen_col[1].u_mac_pe.$mul$rtl/mac_pe.sv:26$783 into $flatten\u_mac_array.\gen_row[5].gen_col[1].u_mac_pe.$add$rtl/mac_pe.sv:36$785.
  merging $macc model for $flatten\u_mac_array.\gen_row[5].gen_col[0].u_mac_pe.$mul$rtl/mac_pe.sv:26$783 into $flatten\u_mac_array.\gen_row[5].gen_col[0].u_mac_pe.$add$rtl/mac_pe.sv:36$785.
  merging $macc model for $flatten\u_mac_array.\gen_row[4].gen_col[7].u_mac_pe.$mul$rtl/mac_pe.sv:26$783 into $flatten\u_mac_array.\gen_row[4].gen_col[7].u_mac_pe.$add$rtl/mac_pe.sv:36$785.
  merging $macc model for $flatten\u_mac_array.\gen_row[4].gen_col[6].u_mac_pe.$mul$rtl/mac_pe.sv:26$783 into $flatten\u_mac_array.\gen_row[4].gen_col[6].u_mac_pe.$add$rtl/mac_pe.sv:36$785.
  merging $macc model for $flatten\u_mac_array.\gen_row[4].gen_col[5].u_mac_pe.$mul$rtl/mac_pe.sv:26$783 into $flatten\u_mac_array.\gen_row[4].gen_col[5].u_mac_pe.$add$rtl/mac_pe.sv:36$785.
  merging $macc model for $flatten\u_mac_array.\gen_row[4].gen_col[4].u_mac_pe.$mul$rtl/mac_pe.sv:26$783 into $flatten\u_mac_array.\gen_row[4].gen_col[4].u_mac_pe.$add$rtl/mac_pe.sv:36$785.
  merging $macc model for $flatten\u_mac_array.\gen_row[4].gen_col[3].u_mac_pe.$mul$rtl/mac_pe.sv:26$783 into $flatten\u_mac_array.\gen_row[4].gen_col[3].u_mac_pe.$add$rtl/mac_pe.sv:36$785.
  merging $macc model for $flatten\u_mac_array.\gen_row[4].gen_col[2].u_mac_pe.$mul$rtl/mac_pe.sv:26$783 into $flatten\u_mac_array.\gen_row[4].gen_col[2].u_mac_pe.$add$rtl/mac_pe.sv:36$785.
  merging $macc model for $flatten\u_mac_array.\gen_row[4].gen_col[1].u_mac_pe.$mul$rtl/mac_pe.sv:26$783 into $flatten\u_mac_array.\gen_row[4].gen_col[1].u_mac_pe.$add$rtl/mac_pe.sv:36$785.
  merging $macc model for $flatten\u_mac_array.\gen_row[4].gen_col[0].u_mac_pe.$mul$rtl/mac_pe.sv:26$783 into $flatten\u_mac_array.\gen_row[4].gen_col[0].u_mac_pe.$add$rtl/mac_pe.sv:36$785.
  merging $macc model for $flatten\u_mac_array.\gen_row[3].gen_col[7].u_mac_pe.$mul$rtl/mac_pe.sv:26$783 into $flatten\u_mac_array.\gen_row[3].gen_col[7].u_mac_pe.$add$rtl/mac_pe.sv:36$785.
  merging $macc model for $flatten\u_mac_array.\gen_row[3].gen_col[6].u_mac_pe.$mul$rtl/mac_pe.sv:26$783 into $flatten\u_mac_array.\gen_row[3].gen_col[6].u_mac_pe.$add$rtl/mac_pe.sv:36$785.
  merging $macc model for $flatten\u_mac_array.\gen_row[3].gen_col[5].u_mac_pe.$mul$rtl/mac_pe.sv:26$783 into $flatten\u_mac_array.\gen_row[3].gen_col[5].u_mac_pe.$add$rtl/mac_pe.sv:36$785.
  merging $macc model for $flatten\u_mac_array.\gen_row[3].gen_col[4].u_mac_pe.$mul$rtl/mac_pe.sv:26$783 into $flatten\u_mac_array.\gen_row[3].gen_col[4].u_mac_pe.$add$rtl/mac_pe.sv:36$785.
  merging $macc model for $flatten\u_mac_array.\gen_row[3].gen_col[3].u_mac_pe.$mul$rtl/mac_pe.sv:26$783 into $flatten\u_mac_array.\gen_row[3].gen_col[3].u_mac_pe.$add$rtl/mac_pe.sv:36$785.
  merging $macc model for $flatten\u_mac_array.\gen_row[3].gen_col[2].u_mac_pe.$mul$rtl/mac_pe.sv:26$783 into $flatten\u_mac_array.\gen_row[3].gen_col[2].u_mac_pe.$add$rtl/mac_pe.sv:36$785.
  merging $macc model for $flatten\u_mac_array.\gen_row[3].gen_col[1].u_mac_pe.$mul$rtl/mac_pe.sv:26$783 into $flatten\u_mac_array.\gen_row[3].gen_col[1].u_mac_pe.$add$rtl/mac_pe.sv:36$785.
  merging $macc model for $flatten\u_mac_array.\gen_row[3].gen_col[0].u_mac_pe.$mul$rtl/mac_pe.sv:26$783 into $flatten\u_mac_array.\gen_row[3].gen_col[0].u_mac_pe.$add$rtl/mac_pe.sv:36$785.
  merging $macc model for $flatten\u_mac_array.\gen_row[2].gen_col[7].u_mac_pe.$mul$rtl/mac_pe.sv:26$783 into $flatten\u_mac_array.\gen_row[2].gen_col[7].u_mac_pe.$add$rtl/mac_pe.sv:36$785.
  merging $macc model for $flatten\u_mac_array.\gen_row[2].gen_col[6].u_mac_pe.$mul$rtl/mac_pe.sv:26$783 into $flatten\u_mac_array.\gen_row[2].gen_col[6].u_mac_pe.$add$rtl/mac_pe.sv:36$785.
  merging $macc model for $flatten\u_mac_array.\gen_row[2].gen_col[5].u_mac_pe.$mul$rtl/mac_pe.sv:26$783 into $flatten\u_mac_array.\gen_row[2].gen_col[5].u_mac_pe.$add$rtl/mac_pe.sv:36$785.
  merging $macc model for $flatten\u_mac_array.\gen_row[2].gen_col[4].u_mac_pe.$mul$rtl/mac_pe.sv:26$783 into $flatten\u_mac_array.\gen_row[2].gen_col[4].u_mac_pe.$add$rtl/mac_pe.sv:36$785.
  merging $macc model for $flatten\u_mac_array.\gen_row[2].gen_col[3].u_mac_pe.$mul$rtl/mac_pe.sv:26$783 into $flatten\u_mac_array.\gen_row[2].gen_col[3].u_mac_pe.$add$rtl/mac_pe.sv:36$785.
  merging $macc model for $flatten\u_mac_array.\gen_row[2].gen_col[2].u_mac_pe.$mul$rtl/mac_pe.sv:26$783 into $flatten\u_mac_array.\gen_row[2].gen_col[2].u_mac_pe.$add$rtl/mac_pe.sv:36$785.
  merging $macc model for $flatten\u_mac_array.\gen_row[2].gen_col[1].u_mac_pe.$mul$rtl/mac_pe.sv:26$783 into $flatten\u_mac_array.\gen_row[2].gen_col[1].u_mac_pe.$add$rtl/mac_pe.sv:36$785.
  merging $macc model for $flatten\u_mac_array.\gen_row[2].gen_col[0].u_mac_pe.$mul$rtl/mac_pe.sv:26$783 into $flatten\u_mac_array.\gen_row[2].gen_col[0].u_mac_pe.$add$rtl/mac_pe.sv:36$785.
  merging $macc model for $flatten\u_mac_array.\gen_row[1].gen_col[7].u_mac_pe.$mul$rtl/mac_pe.sv:26$783 into $flatten\u_mac_array.\gen_row[1].gen_col[7].u_mac_pe.$add$rtl/mac_pe.sv:36$785.
  merging $macc model for $flatten\u_mac_array.\gen_row[1].gen_col[6].u_mac_pe.$mul$rtl/mac_pe.sv:26$783 into $flatten\u_mac_array.\gen_row[1].gen_col[6].u_mac_pe.$add$rtl/mac_pe.sv:36$785.
  merging $macc model for $flatten\u_mac_array.\gen_row[1].gen_col[5].u_mac_pe.$mul$rtl/mac_pe.sv:26$783 into $flatten\u_mac_array.\gen_row[1].gen_col[5].u_mac_pe.$add$rtl/mac_pe.sv:36$785.
  merging $macc model for $flatten\u_mac_array.\gen_row[1].gen_col[4].u_mac_pe.$mul$rtl/mac_pe.sv:26$783 into $flatten\u_mac_array.\gen_row[1].gen_col[4].u_mac_pe.$add$rtl/mac_pe.sv:36$785.
  merging $macc model for $flatten\u_mac_array.\gen_row[1].gen_col[3].u_mac_pe.$mul$rtl/mac_pe.sv:26$783 into $flatten\u_mac_array.\gen_row[1].gen_col[3].u_mac_pe.$add$rtl/mac_pe.sv:36$785.
  merging $macc model for $flatten\u_mac_array.\gen_row[1].gen_col[2].u_mac_pe.$mul$rtl/mac_pe.sv:26$783 into $flatten\u_mac_array.\gen_row[1].gen_col[2].u_mac_pe.$add$rtl/mac_pe.sv:36$785.
  merging $macc model for $flatten\u_mac_array.\gen_row[1].gen_col[1].u_mac_pe.$mul$rtl/mac_pe.sv:26$783 into $flatten\u_mac_array.\gen_row[1].gen_col[1].u_mac_pe.$add$rtl/mac_pe.sv:36$785.
  merging $macc model for $flatten\u_mac_array.\gen_row[1].gen_col[0].u_mac_pe.$mul$rtl/mac_pe.sv:26$783 into $flatten\u_mac_array.\gen_row[1].gen_col[0].u_mac_pe.$add$rtl/mac_pe.sv:36$785.
  merging $macc model for $flatten\u_mac_array.\gen_row[0].gen_col[7].u_mac_pe.$mul$rtl/mac_pe.sv:26$783 into $flatten\u_mac_array.\gen_row[0].gen_col[7].u_mac_pe.$add$rtl/mac_pe.sv:36$785.
  merging $macc model for $flatten\u_mac_array.\gen_row[0].gen_col[6].u_mac_pe.$mul$rtl/mac_pe.sv:26$783 into $flatten\u_mac_array.\gen_row[0].gen_col[6].u_mac_pe.$add$rtl/mac_pe.sv:36$785.
  merging $macc model for $flatten\u_mac_array.\gen_row[0].gen_col[5].u_mac_pe.$mul$rtl/mac_pe.sv:26$783 into $flatten\u_mac_array.\gen_row[0].gen_col[5].u_mac_pe.$add$rtl/mac_pe.sv:36$785.
  merging $macc model for $flatten\u_mac_array.\gen_row[0].gen_col[4].u_mac_pe.$mul$rtl/mac_pe.sv:26$783 into $flatten\u_mac_array.\gen_row[0].gen_col[4].u_mac_pe.$add$rtl/mac_pe.sv:36$785.
  merging $macc model for $flatten\u_mac_array.\gen_row[0].gen_col[3].u_mac_pe.$mul$rtl/mac_pe.sv:26$783 into $flatten\u_mac_array.\gen_row[0].gen_col[3].u_mac_pe.$add$rtl/mac_pe.sv:36$785.
  merging $macc model for $flatten\u_mac_array.\gen_row[0].gen_col[2].u_mac_pe.$mul$rtl/mac_pe.sv:26$783 into $flatten\u_mac_array.\gen_row[0].gen_col[2].u_mac_pe.$add$rtl/mac_pe.sv:36$785.
  merging $macc model for $flatten\u_mac_array.\gen_row[0].gen_col[1].u_mac_pe.$mul$rtl/mac_pe.sv:26$783 into $flatten\u_mac_array.\gen_row[0].gen_col[1].u_mac_pe.$add$rtl/mac_pe.sv:36$785.
  merging $macc model for $flatten\u_mac_array.\gen_row[0].gen_col[0].u_mac_pe.$mul$rtl/mac_pe.sv:26$783 into $flatten\u_mac_array.\gen_row[0].gen_col[0].u_mac_pe.$add$rtl/mac_pe.sv:36$785.
  creating $alu model for $macc $flatten\u_controller.$add$rtl/matmul_controller.sv:207$608.
  creating $alu model for $macc $flatten\u_controller.$add$rtl/matmul_controller.sv:189$606.
  creating $alu model for $macc $flatten\u_controller.$add$rtl/matmul_controller.sv:148$601.
  creating $alu model for $macc $add$rtl/int8_matmul.sv:0$652.
  creating $alu model for $macc $add$rtl/int8_matmul.sv:0$640.
  creating $macc cell for $flatten\u_mac_array.\gen_row[3].gen_col[5].u_mac_pe.$add$rtl/mac_pe.sv:36$785: $auto$alumacc.cc:365:replace_macc$1902
  creating $macc cell for $flatten\u_mac_array.\gen_row[4].gen_col[7].u_mac_pe.$add$rtl/mac_pe.sv:36$785: $auto$alumacc.cc:365:replace_macc$1903
  creating $macc cell for $flatten\u_mac_array.\gen_row[3].gen_col[4].u_mac_pe.$add$rtl/mac_pe.sv:36$785: $auto$alumacc.cc:365:replace_macc$1904
  creating $macc cell for $flatten\u_mac_array.\gen_row[6].gen_col[2].u_mac_pe.$add$rtl/mac_pe.sv:36$785: $auto$alumacc.cc:365:replace_macc$1905
  creating $macc cell for $flatten\u_mac_array.\gen_row[3].gen_col[3].u_mac_pe.$add$rtl/mac_pe.sv:36$785: $auto$alumacc.cc:365:replace_macc$1906
  creating $macc cell for $flatten\u_mac_array.\gen_row[5].gen_col[3].u_mac_pe.$add$rtl/mac_pe.sv:36$785: $auto$alumacc.cc:365:replace_macc$1907
  creating $macc cell for $flatten\u_mac_array.\gen_row[3].gen_col[2].u_mac_pe.$add$rtl/mac_pe.sv:36$785: $auto$alumacc.cc:365:replace_macc$1908
  creating $macc cell for $flatten\u_mac_array.\gen_row[6].gen_col[3].u_mac_pe.$add$rtl/mac_pe.sv:36$785: $auto$alumacc.cc:365:replace_macc$1909
  creating $macc cell for $flatten\u_mac_array.\gen_row[3].gen_col[1].u_mac_pe.$add$rtl/mac_pe.sv:36$785: $auto$alumacc.cc:365:replace_macc$1910
  creating $macc cell for $flatten\u_mac_array.\gen_row[4].gen_col[6].u_mac_pe.$add$rtl/mac_pe.sv:36$785: $auto$alumacc.cc:365:replace_macc$1911
  creating $macc cell for $flatten\u_mac_array.\gen_row[3].gen_col[0].u_mac_pe.$add$rtl/mac_pe.sv:36$785: $auto$alumacc.cc:365:replace_macc$1912
  creating $macc cell for $flatten\u_mac_array.\gen_row[6].gen_col[4].u_mac_pe.$add$rtl/mac_pe.sv:36$785: $auto$alumacc.cc:365:replace_macc$1913
  creating $macc cell for $flatten\u_mac_array.\gen_row[2].gen_col[7].u_mac_pe.$add$rtl/mac_pe.sv:36$785: $auto$alumacc.cc:365:replace_macc$1914
  creating $macc cell for $flatten\u_mac_array.\gen_row[5].gen_col[5].u_mac_pe.$add$rtl/mac_pe.sv:36$785: $auto$alumacc.cc:365:replace_macc$1915
  creating $macc cell for $flatten\u_mac_array.\gen_row[2].gen_col[6].u_mac_pe.$add$rtl/mac_pe.sv:36$785: $auto$alumacc.cc:365:replace_macc$1916
  creating $macc cell for $flatten\u_mac_array.\gen_row[6].gen_col[5].u_mac_pe.$add$rtl/mac_pe.sv:36$785: $auto$alumacc.cc:365:replace_macc$1917
  creating $macc cell for $flatten\u_mac_array.\gen_row[2].gen_col[5].u_mac_pe.$add$rtl/mac_pe.sv:36$785: $auto$alumacc.cc:365:replace_macc$1918
  creating $macc cell for $flatten\u_mac_array.\gen_row[4].gen_col[5].u_mac_pe.$add$rtl/mac_pe.sv:36$785: $auto$alumacc.cc:365:replace_macc$1919
  creating $macc cell for $flatten\u_mac_array.\gen_row[2].gen_col[4].u_mac_pe.$add$rtl/mac_pe.sv:36$785: $auto$alumacc.cc:365:replace_macc$1920
  creating $macc cell for $flatten\u_mac_array.\gen_row[6].gen_col[6].u_mac_pe.$add$rtl/mac_pe.sv:36$785: $auto$alumacc.cc:365:replace_macc$1921
  creating $macc cell for $flatten\u_mac_array.\gen_row[2].gen_col[3].u_mac_pe.$add$rtl/mac_pe.sv:36$785: $auto$alumacc.cc:365:replace_macc$1922
  creating $macc cell for $flatten\u_mac_array.\gen_row[5].gen_col[1].u_mac_pe.$add$rtl/mac_pe.sv:36$785: $auto$alumacc.cc:365:replace_macc$1923
  creating $macc cell for $flatten\u_mac_array.\gen_row[2].gen_col[2].u_mac_pe.$add$rtl/mac_pe.sv:36$785: $auto$alumacc.cc:365:replace_macc$1924
  creating $macc cell for $flatten\u_mac_array.\gen_row[6].gen_col[7].u_mac_pe.$add$rtl/mac_pe.sv:36$785: $auto$alumacc.cc:365:replace_macc$1925
  creating $macc cell for $flatten\u_mac_array.\gen_row[2].gen_col[1].u_mac_pe.$add$rtl/mac_pe.sv:36$785: $auto$alumacc.cc:365:replace_macc$1926
  creating $macc cell for $flatten\u_mac_array.\gen_row[4].gen_col[4].u_mac_pe.$add$rtl/mac_pe.sv:36$785: $auto$alumacc.cc:365:replace_macc$1927
  creating $macc cell for $flatten\u_mac_array.\gen_row[2].gen_col[0].u_mac_pe.$add$rtl/mac_pe.sv:36$785: $auto$alumacc.cc:365:replace_macc$1928
  creating $macc cell for $flatten\u_mac_array.\gen_row[7].gen_col[0].u_mac_pe.$add$rtl/mac_pe.sv:36$785: $auto$alumacc.cc:365:replace_macc$1929
  creating $macc cell for $flatten\u_mac_array.\gen_row[1].gen_col[7].u_mac_pe.$add$rtl/mac_pe.sv:36$785: $auto$alumacc.cc:365:replace_macc$1930
  creating $macc cell for $flatten\u_mac_array.\gen_row[5].gen_col[6].u_mac_pe.$add$rtl/mac_pe.sv:36$785: $auto$alumacc.cc:365:replace_macc$1931
  creating $macc cell for $flatten\u_mac_array.\gen_row[1].gen_col[6].u_mac_pe.$add$rtl/mac_pe.sv:36$785: $auto$alumacc.cc:365:replace_macc$1932
  creating $macc cell for $flatten\u_mac_array.\gen_row[7].gen_col[1].u_mac_pe.$add$rtl/mac_pe.sv:36$785: $auto$alumacc.cc:365:replace_macc$1933
  creating $macc cell for $flatten\u_mac_array.\gen_row[1].gen_col[5].u_mac_pe.$add$rtl/mac_pe.sv:36$785: $auto$alumacc.cc:365:replace_macc$1934
  creating $macc cell for $flatten\u_mac_array.\gen_row[4].gen_col[3].u_mac_pe.$add$rtl/mac_pe.sv:36$785: $auto$alumacc.cc:365:replace_macc$1935
  creating $macc cell for $flatten\u_mac_array.\gen_row[1].gen_col[4].u_mac_pe.$add$rtl/mac_pe.sv:36$785: $auto$alumacc.cc:365:replace_macc$1936
  creating $macc cell for $flatten\u_mac_array.\gen_row[7].gen_col[2].u_mac_pe.$add$rtl/mac_pe.sv:36$785: $auto$alumacc.cc:365:replace_macc$1937
  creating $macc cell for $flatten\u_mac_array.\gen_row[1].gen_col[3].u_mac_pe.$add$rtl/mac_pe.sv:36$785: $auto$alumacc.cc:365:replace_macc$1938
  creating $macc cell for $flatten\u_mac_array.\gen_row[5].gen_col[2].u_mac_pe.$add$rtl/mac_pe.sv:36$785: $auto$alumacc.cc:365:replace_macc$1939
  creating $macc cell for $flatten\u_mac_array.\gen_row[1].gen_col[2].u_mac_pe.$add$rtl/mac_pe.sv:36$785: $auto$alumacc.cc:365:replace_macc$1940
  creating $macc cell for $flatten\u_mac_array.\gen_row[7].gen_col[3].u_mac_pe.$add$rtl/mac_pe.sv:36$785: $auto$alumacc.cc:365:replace_macc$1941
  creating $macc cell for $flatten\u_mac_array.\gen_row[1].gen_col[1].u_mac_pe.$add$rtl/mac_pe.sv:36$785: $auto$alumacc.cc:365:replace_macc$1942
  creating $macc cell for $flatten\u_mac_array.\gen_row[4].gen_col[2].u_mac_pe.$add$rtl/mac_pe.sv:36$785: $auto$alumacc.cc:365:replace_macc$1943
  creating $macc cell for $flatten\u_mac_array.\gen_row[1].gen_col[0].u_mac_pe.$add$rtl/mac_pe.sv:36$785: $auto$alumacc.cc:365:replace_macc$1944
  creating $macc cell for $flatten\u_mac_array.\gen_row[7].gen_col[4].u_mac_pe.$add$rtl/mac_pe.sv:36$785: $auto$alumacc.cc:365:replace_macc$1945
  creating $macc cell for $flatten\u_mac_array.\gen_row[0].gen_col[7].u_mac_pe.$add$rtl/mac_pe.sv:36$785: $auto$alumacc.cc:365:replace_macc$1946
  creating $macc cell for $flatten\u_mac_array.\gen_row[5].gen_col[7].u_mac_pe.$add$rtl/mac_pe.sv:36$785: $auto$alumacc.cc:365:replace_macc$1947
  creating $macc cell for $flatten\u_mac_array.\gen_row[0].gen_col[6].u_mac_pe.$add$rtl/mac_pe.sv:36$785: $auto$alumacc.cc:365:replace_macc$1948
  creating $macc cell for $flatten\u_mac_array.\gen_row[7].gen_col[5].u_mac_pe.$add$rtl/mac_pe.sv:36$785: $auto$alumacc.cc:365:replace_macc$1949
  creating $macc cell for $flatten\u_mac_array.\gen_row[0].gen_col[5].u_mac_pe.$add$rtl/mac_pe.sv:36$785: $auto$alumacc.cc:365:replace_macc$1950
  creating $macc cell for $flatten\u_mac_array.\gen_row[4].gen_col[1].u_mac_pe.$add$rtl/mac_pe.sv:36$785: $auto$alumacc.cc:365:replace_macc$1951
  creating $macc cell for $flatten\u_mac_array.\gen_row[0].gen_col[4].u_mac_pe.$add$rtl/mac_pe.sv:36$785: $auto$alumacc.cc:365:replace_macc$1952
  creating $macc cell for $flatten\u_mac_array.\gen_row[7].gen_col[6].u_mac_pe.$add$rtl/mac_pe.sv:36$785: $auto$alumacc.cc:365:replace_macc$1953
  creating $macc cell for $flatten\u_mac_array.\gen_row[0].gen_col[3].u_mac_pe.$add$rtl/mac_pe.sv:36$785: $auto$alumacc.cc:365:replace_macc$1954
  creating $macc cell for $flatten\u_mac_array.\gen_row[5].gen_col[0].u_mac_pe.$add$rtl/mac_pe.sv:36$785: $auto$alumacc.cc:365:replace_macc$1955
  creating $macc cell for $flatten\u_mac_array.\gen_row[0].gen_col[2].u_mac_pe.$add$rtl/mac_pe.sv:36$785: $auto$alumacc.cc:365:replace_macc$1956
  creating $macc cell for $flatten\u_mac_array.\gen_row[7].gen_col[7].u_mac_pe.$add$rtl/mac_pe.sv:36$785: $auto$alumacc.cc:365:replace_macc$1957
  creating $macc cell for $flatten\u_mac_array.\gen_row[0].gen_col[1].u_mac_pe.$add$rtl/mac_pe.sv:36$785: $auto$alumacc.cc:365:replace_macc$1958
  creating $macc cell for $flatten\u_mac_array.\gen_row[4].gen_col[0].u_mac_pe.$add$rtl/mac_pe.sv:36$785: $auto$alumacc.cc:365:replace_macc$1959
  creating $macc cell for $flatten\u_mac_array.\gen_row[0].gen_col[0].u_mac_pe.$add$rtl/mac_pe.sv:36$785: $auto$alumacc.cc:365:replace_macc$1960
  creating $macc cell for $flatten\u_mac_array.\gen_row[6].gen_col[1].u_mac_pe.$add$rtl/mac_pe.sv:36$785: $auto$alumacc.cc:365:replace_macc$1961
  creating $macc cell for $flatten\u_mac_array.\gen_row[3].gen_col[6].u_mac_pe.$add$rtl/mac_pe.sv:36$785: $auto$alumacc.cc:365:replace_macc$1962
  creating $macc cell for $flatten\u_mac_array.\gen_row[5].gen_col[4].u_mac_pe.$add$rtl/mac_pe.sv:36$785: $auto$alumacc.cc:365:replace_macc$1963
  creating $macc cell for $flatten\u_mac_array.\gen_row[3].gen_col[7].u_mac_pe.$add$rtl/mac_pe.sv:36$785: $auto$alumacc.cc:365:replace_macc$1964
  creating $macc cell for $flatten\u_mac_array.\gen_row[6].gen_col[0].u_mac_pe.$add$rtl/mac_pe.sv:36$785: $auto$alumacc.cc:365:replace_macc$1965
  creating $alu cell for $add$rtl/int8_matmul.sv:0$640: $auto$alumacc.cc:495:replace_alu$1966
  creating $alu cell for $add$rtl/int8_matmul.sv:0$652: $auto$alumacc.cc:495:replace_alu$1969
  creating $alu cell for $flatten\u_controller.$add$rtl/matmul_controller.sv:148$601: $auto$alumacc.cc:495:replace_alu$1972
  creating $alu cell for $flatten\u_controller.$add$rtl/matmul_controller.sv:189$606: $auto$alumacc.cc:495:replace_alu$1975
  creating $alu cell for $flatten\u_controller.$add$rtl/matmul_controller.sv:207$608: $auto$alumacc.cc:495:replace_alu$1978
  created 5 $alu and 64 $macc cells.

6.14. Executing SHARE pass (SAT-based resource sharing).
Found 64 cells in module int8_matmul that may be considered for resource sharing.
  Analyzing resource sharing options for $flatten\u_mac_array.\gen_row[7].gen_col[7].u_mac_pe.$mul$rtl/mac_pe.sv:26$783 ($mul):
    Found cell that is never activated: $flatten\u_mac_array.\gen_row[7].gen_col[7].u_mac_pe.$mul$rtl/mac_pe.sv:26$783
    Cell is never active. Sharing is pointless, we simply remove it.
  Analyzing resource sharing options for $flatten\u_mac_array.\gen_row[7].gen_col[6].u_mac_pe.$mul$rtl/mac_pe.sv:26$783 ($mul):
    Found cell that is never activated: $flatten\u_mac_array.\gen_row[7].gen_col[6].u_mac_pe.$mul$rtl/mac_pe.sv:26$783
    Cell is never active. Sharing is pointless, we simply remove it.
  Analyzing resource sharing options for $flatten\u_mac_array.\gen_row[7].gen_col[5].u_mac_pe.$mul$rtl/mac_pe.sv:26$783 ($mul):
    Found cell that is never activated: $flatten\u_mac_array.\gen_row[7].gen_col[5].u_mac_pe.$mul$rtl/mac_pe.sv:26$783
    Cell is never active. Sharing is pointless, we simply remove it.
  Analyzing resource sharing options for $flatten\u_mac_array.\gen_row[7].gen_col[4].u_mac_pe.$mul$rtl/mac_pe.sv:26$783 ($mul):
    Found cell that is never activated: $flatten\u_mac_array.\gen_row[7].gen_col[4].u_mac_pe.$mul$rtl/mac_pe.sv:26$783
    Cell is never active. Sharing is pointless, we simply remove it.
  Analyzing resource sharing options for $flatten\u_mac_array.\gen_row[7].gen_col[3].u_mac_pe.$mul$rtl/mac_pe.sv:26$783 ($mul):
    Found cell that is never activated: $flatten\u_mac_array.\gen_row[7].gen_col[3].u_mac_pe.$mul$rtl/mac_pe.sv:26$783
    Cell is never active. Sharing is pointless, we simply remove it.
  Analyzing resource sharing options for $flatten\u_mac_array.\gen_row[7].gen_col[2].u_mac_pe.$mul$rtl/mac_pe.sv:26$783 ($mul):
    Found cell that is never activated: $flatten\u_mac_array.\gen_row[7].gen_col[2].u_mac_pe.$mul$rtl/mac_pe.sv:26$783
    Cell is never active. Sharing is pointless, we simply remove it.
  Analyzing resource sharing options for $flatten\u_mac_array.\gen_row[7].gen_col[1].u_mac_pe.$mul$rtl/mac_pe.sv:26$783 ($mul):
    Found cell that is never activated: $flatten\u_mac_array.\gen_row[7].gen_col[1].u_mac_pe.$mul$rtl/mac_pe.sv:26$783
    Cell is never active. Sharing is pointless, we simply remove it.
  Analyzing resource sharing options for $flatten\u_mac_array.\gen_row[7].gen_col[0].u_mac_pe.$mul$rtl/mac_pe.sv:26$783 ($mul):
    Found cell that is never activated: $flatten\u_mac_array.\gen_row[7].gen_col[0].u_mac_pe.$mul$rtl/mac_pe.sv:26$783
    Cell is never active. Sharing is pointless, we simply remove it.
  Analyzing resource sharing options for $flatten\u_mac_array.\gen_row[6].gen_col[7].u_mac_pe.$mul$rtl/mac_pe.sv:26$783 ($mul):
    Found cell that is never activated: $flatten\u_mac_array.\gen_row[6].gen_col[7].u_mac_pe.$mul$rtl/mac_pe.sv:26$783
    Cell is never active. Sharing is pointless, we simply remove it.
  Analyzing resource sharing options for $flatten\u_mac_array.\gen_row[6].gen_col[6].u_mac_pe.$mul$rtl/mac_pe.sv:26$783 ($mul):
    Found cell that is never activated: $flatten\u_mac_array.\gen_row[6].gen_col[6].u_mac_pe.$mul$rtl/mac_pe.sv:26$783
    Cell is never active. Sharing is pointless, we simply remove it.
  Analyzing resource sharing options for $flatten\u_mac_array.\gen_row[6].gen_col[5].u_mac_pe.$mul$rtl/mac_pe.sv:26$783 ($mul):
    Found cell that is never activated: $flatten\u_mac_array.\gen_row[6].gen_col[5].u_mac_pe.$mul$rtl/mac_pe.sv:26$783
    Cell is never active. Sharing is pointless, we simply remove it.
  Analyzing resource sharing options for $flatten\u_mac_array.\gen_row[6].gen_col[4].u_mac_pe.$mul$rtl/mac_pe.sv:26$783 ($mul):
    Found cell that is never activated: $flatten\u_mac_array.\gen_row[6].gen_col[4].u_mac_pe.$mul$rtl/mac_pe.sv:26$783
    Cell is never active. Sharing is pointless, we simply remove it.
  Analyzing resource sharing options for $flatten\u_mac_array.\gen_row[6].gen_col[3].u_mac_pe.$mul$rtl/mac_pe.sv:26$783 ($mul):
    Found cell that is never activated: $flatten\u_mac_array.\gen_row[6].gen_col[3].u_mac_pe.$mul$rtl/mac_pe.sv:26$783
    Cell is never active. Sharing is pointless, we simply remove it.
  Analyzing resource sharing options for $flatten\u_mac_array.\gen_row[6].gen_col[2].u_mac_pe.$mul$rtl/mac_pe.sv:26$783 ($mul):
    Found cell that is never activated: $flatten\u_mac_array.\gen_row[6].gen_col[2].u_mac_pe.$mul$rtl/mac_pe.sv:26$783
    Cell is never active. Sharing is pointless, we simply remove it.
  Analyzing resource sharing options for $flatten\u_mac_array.\gen_row[6].gen_col[1].u_mac_pe.$mul$rtl/mac_pe.sv:26$783 ($mul):
    Found cell that is never activated: $flatten\u_mac_array.\gen_row[6].gen_col[1].u_mac_pe.$mul$rtl/mac_pe.sv:26$783
    Cell is never active. Sharing is pointless, we simply remove it.
  Analyzing resource sharing options for $flatten\u_mac_array.\gen_row[6].gen_col[0].u_mac_pe.$mul$rtl/mac_pe.sv:26$783 ($mul):
    Found cell that is never activated: $flatten\u_mac_array.\gen_row[6].gen_col[0].u_mac_pe.$mul$rtl/mac_pe.sv:26$783
    Cell is never active. Sharing is pointless, we simply remove it.
  Analyzing resource sharing options for $flatten\u_mac_array.\gen_row[5].gen_col[7].u_mac_pe.$mul$rtl/mac_pe.sv:26$783 ($mul):
    Found cell that is never activated: $flatten\u_mac_array.\gen_row[5].gen_col[7].u_mac_pe.$mul$rtl/mac_pe.sv:26$783
    Cell is never active. Sharing is pointless, we simply remove it.
  Analyzing resource sharing options for $flatten\u_mac_array.\gen_row[5].gen_col[6].u_mac_pe.$mul$rtl/mac_pe.sv:26$783 ($mul):
    Found cell that is never activated: $flatten\u_mac_array.\gen_row[5].gen_col[6].u_mac_pe.$mul$rtl/mac_pe.sv:26$783
    Cell is never active. Sharing is pointless, we simply remove it.
  Analyzing resource sharing options for $flatten\u_mac_array.\gen_row[5].gen_col[5].u_mac_pe.$mul$rtl/mac_pe.sv:26$783 ($mul):
    Found cell that is never activated: $flatten\u_mac_array.\gen_row[5].gen_col[5].u_mac_pe.$mul$rtl/mac_pe.sv:26$783
    Cell is never active. Sharing is pointless, we simply remove it.
  Analyzing resource sharing options for $flatten\u_mac_array.\gen_row[5].gen_col[4].u_mac_pe.$mul$rtl/mac_pe.sv:26$783 ($mul):
    Found cell that is never activated: $flatten\u_mac_array.\gen_row[5].gen_col[4].u_mac_pe.$mul$rtl/mac_pe.sv:26$783
    Cell is never active. Sharing is pointless, we simply remove it.
  Analyzing resource sharing options for $flatten\u_mac_array.\gen_row[5].gen_col[3].u_mac_pe.$mul$rtl/mac_pe.sv:26$783 ($mul):
    Found cell that is never activated: $flatten\u_mac_array.\gen_row[5].gen_col[3].u_mac_pe.$mul$rtl/mac_pe.sv:26$783
    Cell is never active. Sharing is pointless, we simply remove it.
  Analyzing resource sharing options for $flatten\u_mac_array.\gen_row[5].gen_col[2].u_mac_pe.$mul$rtl/mac_pe.sv:26$783 ($mul):
    Found cell that is never activated: $flatten\u_mac_array.\gen_row[5].gen_col[2].u_mac_pe.$mul$rtl/mac_pe.sv:26$783
    Cell is never active. Sharing is pointless, we simply remove it.
  Analyzing resource sharing options for $flatten\u_mac_array.\gen_row[5].gen_col[1].u_mac_pe.$mul$rtl/mac_pe.sv:26$783 ($mul):
    Found cell that is never activated: $flatten\u_mac_array.\gen_row[5].gen_col[1].u_mac_pe.$mul$rtl/mac_pe.sv:26$783
    Cell is never active. Sharing is pointless, we simply remove it.
  Analyzing resource sharing options for $flatten\u_mac_array.\gen_row[5].gen_col[0].u_mac_pe.$mul$rtl/mac_pe.sv:26$783 ($mul):
    Found cell that is never activated: $flatten\u_mac_array.\gen_row[5].gen_col[0].u_mac_pe.$mul$rtl/mac_pe.sv:26$783
    Cell is never active. Sharing is pointless, we simply remove it.
  Analyzing resource sharing options for $flatten\u_mac_array.\gen_row[4].gen_col[7].u_mac_pe.$mul$rtl/mac_pe.sv:26$783 ($mul):
    Found cell that is never activated: $flatten\u_mac_array.\gen_row[4].gen_col[7].u_mac_pe.$mul$rtl/mac_pe.sv:26$783
    Cell is never active. Sharing is pointless, we simply remove it.
  Analyzing resource sharing options for $flatten\u_mac_array.\gen_row[4].gen_col[6].u_mac_pe.$mul$rtl/mac_pe.sv:26$783 ($mul):
    Found cell that is never activated: $flatten\u_mac_array.\gen_row[4].gen_col[6].u_mac_pe.$mul$rtl/mac_pe.sv:26$783
    Cell is never active. Sharing is pointless, we simply remove it.
  Analyzing resource sharing options for $flatten\u_mac_array.\gen_row[4].gen_col[5].u_mac_pe.$mul$rtl/mac_pe.sv:26$783 ($mul):
    Found cell that is never activated: $flatten\u_mac_array.\gen_row[4].gen_col[5].u_mac_pe.$mul$rtl/mac_pe.sv:26$783
    Cell is never active. Sharing is pointless, we simply remove it.
  Analyzing resource sharing options for $flatten\u_mac_array.\gen_row[4].gen_col[4].u_mac_pe.$mul$rtl/mac_pe.sv:26$783 ($mul):
    Found cell that is never activated: $flatten\u_mac_array.\gen_row[4].gen_col[4].u_mac_pe.$mul$rtl/mac_pe.sv:26$783
    Cell is never active. Sharing is pointless, we simply remove it.
  Analyzing resource sharing options for $flatten\u_mac_array.\gen_row[4].gen_col[3].u_mac_pe.$mul$rtl/mac_pe.sv:26$783 ($mul):
    Found cell that is never activated: $flatten\u_mac_array.\gen_row[4].gen_col[3].u_mac_pe.$mul$rtl/mac_pe.sv:26$783
    Cell is never active. Sharing is pointless, we simply remove it.
  Analyzing resource sharing options for $flatten\u_mac_array.\gen_row[4].gen_col[2].u_mac_pe.$mul$rtl/mac_pe.sv:26$783 ($mul):
    Found cell that is never activated: $flatten\u_mac_array.\gen_row[4].gen_col[2].u_mac_pe.$mul$rtl/mac_pe.sv:26$783
    Cell is never active. Sharing is pointless, we simply remove it.
  Analyzing resource sharing options for $flatten\u_mac_array.\gen_row[4].gen_col[1].u_mac_pe.$mul$rtl/mac_pe.sv:26$783 ($mul):
    Found cell that is never activated: $flatten\u_mac_array.\gen_row[4].gen_col[1].u_mac_pe.$mul$rtl/mac_pe.sv:26$783
    Cell is never active. Sharing is pointless, we simply remove it.
  Analyzing resource sharing options for $flatten\u_mac_array.\gen_row[4].gen_col[0].u_mac_pe.$mul$rtl/mac_pe.sv:26$783 ($mul):
    Found cell that is never activated: $flatten\u_mac_array.\gen_row[4].gen_col[0].u_mac_pe.$mul$rtl/mac_pe.sv:26$783
    Cell is never active. Sharing is pointless, we simply remove it.
  Analyzing resource sharing options for $flatten\u_mac_array.\gen_row[3].gen_col[7].u_mac_pe.$mul$rtl/mac_pe.sv:26$783 ($mul):
    Found cell that is never activated: $flatten\u_mac_array.\gen_row[3].gen_col[7].u_mac_pe.$mul$rtl/mac_pe.sv:26$783
    Cell is never active. Sharing is pointless, we simply remove it.
  Analyzing resource sharing options for $flatten\u_mac_array.\gen_row[3].gen_col[6].u_mac_pe.$mul$rtl/mac_pe.sv:26$783 ($mul):
    Found cell that is never activated: $flatten\u_mac_array.\gen_row[3].gen_col[6].u_mac_pe.$mul$rtl/mac_pe.sv:26$783
    Cell is never active. Sharing is pointless, we simply remove it.
  Analyzing resource sharing options for $flatten\u_mac_array.\gen_row[3].gen_col[5].u_mac_pe.$mul$rtl/mac_pe.sv:26$783 ($mul):
    Found cell that is never activated: $flatten\u_mac_array.\gen_row[3].gen_col[5].u_mac_pe.$mul$rtl/mac_pe.sv:26$783
    Cell is never active. Sharing is pointless, we simply remove it.
  Analyzing resource sharing options for $flatten\u_mac_array.\gen_row[3].gen_col[4].u_mac_pe.$mul$rtl/mac_pe.sv:26$783 ($mul):
    Found cell that is never activated: $flatten\u_mac_array.\gen_row[3].gen_col[4].u_mac_pe.$mul$rtl/mac_pe.sv:26$783
    Cell is never active. Sharing is pointless, we simply remove it.
  Analyzing resource sharing options for $flatten\u_mac_array.\gen_row[3].gen_col[3].u_mac_pe.$mul$rtl/mac_pe.sv:26$783 ($mul):
    Found cell that is never activated: $flatten\u_mac_array.\gen_row[3].gen_col[3].u_mac_pe.$mul$rtl/mac_pe.sv:26$783
    Cell is never active. Sharing is pointless, we simply remove it.
  Analyzing resource sharing options for $flatten\u_mac_array.\gen_row[3].gen_col[2].u_mac_pe.$mul$rtl/mac_pe.sv:26$783 ($mul):
    Found cell that is never activated: $flatten\u_mac_array.\gen_row[3].gen_col[2].u_mac_pe.$mul$rtl/mac_pe.sv:26$783
    Cell is never active. Sharing is pointless, we simply remove it.
  Analyzing resource sharing options for $flatten\u_mac_array.\gen_row[3].gen_col[1].u_mac_pe.$mul$rtl/mac_pe.sv:26$783 ($mul):
    Found cell that is never activated: $flatten\u_mac_array.\gen_row[3].gen_col[1].u_mac_pe.$mul$rtl/mac_pe.sv:26$783
    Cell is never active. Sharing is pointless, we simply remove it.
  Analyzing resource sharing options for $flatten\u_mac_array.\gen_row[3].gen_col[0].u_mac_pe.$mul$rtl/mac_pe.sv:26$783 ($mul):
    Found cell that is never activated: $flatten\u_mac_array.\gen_row[3].gen_col[0].u_mac_pe.$mul$rtl/mac_pe.sv:26$783
    Cell is never active. Sharing is pointless, we simply remove it.
  Analyzing resource sharing options for $flatten\u_mac_array.\gen_row[2].gen_col[7].u_mac_pe.$mul$rtl/mac_pe.sv:26$783 ($mul):
    Found cell that is never activated: $flatten\u_mac_array.\gen_row[2].gen_col[7].u_mac_pe.$mul$rtl/mac_pe.sv:26$783
    Cell is never active. Sharing is pointless, we simply remove it.
  Analyzing resource sharing options for $flatten\u_mac_array.\gen_row[2].gen_col[6].u_mac_pe.$mul$rtl/mac_pe.sv:26$783 ($mul):
    Found cell that is never activated: $flatten\u_mac_array.\gen_row[2].gen_col[6].u_mac_pe.$mul$rtl/mac_pe.sv:26$783
    Cell is never active. Sharing is pointless, we simply remove it.
  Analyzing resource sharing options for $flatten\u_mac_array.\gen_row[2].gen_col[5].u_mac_pe.$mul$rtl/mac_pe.sv:26$783 ($mul):
    Found cell that is never activated: $flatten\u_mac_array.\gen_row[2].gen_col[5].u_mac_pe.$mul$rtl/mac_pe.sv:26$783
    Cell is never active. Sharing is pointless, we simply remove it.
  Analyzing resource sharing options for $flatten\u_mac_array.\gen_row[2].gen_col[4].u_mac_pe.$mul$rtl/mac_pe.sv:26$783 ($mul):
    Found cell that is never activated: $flatten\u_mac_array.\gen_row[2].gen_col[4].u_mac_pe.$mul$rtl/mac_pe.sv:26$783
    Cell is never active. Sharing is pointless, we simply remove it.
  Analyzing resource sharing options for $flatten\u_mac_array.\gen_row[2].gen_col[3].u_mac_pe.$mul$rtl/mac_pe.sv:26$783 ($mul):
    Found cell that is never activated: $flatten\u_mac_array.\gen_row[2].gen_col[3].u_mac_pe.$mul$rtl/mac_pe.sv:26$783
    Cell is never active. Sharing is pointless, we simply remove it.
  Analyzing resource sharing options for $flatten\u_mac_array.\gen_row[2].gen_col[2].u_mac_pe.$mul$rtl/mac_pe.sv:26$783 ($mul):
    Found cell that is never activated: $flatten\u_mac_array.\gen_row[2].gen_col[2].u_mac_pe.$mul$rtl/mac_pe.sv:26$783
    Cell is never active. Sharing is pointless, we simply remove it.
  Analyzing resource sharing options for $flatten\u_mac_array.\gen_row[2].gen_col[1].u_mac_pe.$mul$rtl/mac_pe.sv:26$783 ($mul):
    Found cell that is never activated: $flatten\u_mac_array.\gen_row[2].gen_col[1].u_mac_pe.$mul$rtl/mac_pe.sv:26$783
    Cell is never active. Sharing is pointless, we simply remove it.
  Analyzing resource sharing options for $flatten\u_mac_array.\gen_row[2].gen_col[0].u_mac_pe.$mul$rtl/mac_pe.sv:26$783 ($mul):
    Found cell that is never activated: $flatten\u_mac_array.\gen_row[2].gen_col[0].u_mac_pe.$mul$rtl/mac_pe.sv:26$783
    Cell is never active. Sharing is pointless, we simply remove it.
  Analyzing resource sharing options for $flatten\u_mac_array.\gen_row[1].gen_col[7].u_mac_pe.$mul$rtl/mac_pe.sv:26$783 ($mul):
    Found cell that is never activated: $flatten\u_mac_array.\gen_row[1].gen_col[7].u_mac_pe.$mul$rtl/mac_pe.sv:26$783
    Cell is never active. Sharing is pointless, we simply remove it.
  Analyzing resource sharing options for $flatten\u_mac_array.\gen_row[1].gen_col[6].u_mac_pe.$mul$rtl/mac_pe.sv:26$783 ($mul):
    Found cell that is never activated: $flatten\u_mac_array.\gen_row[1].gen_col[6].u_mac_pe.$mul$rtl/mac_pe.sv:26$783
    Cell is never active. Sharing is pointless, we simply remove it.
  Analyzing resource sharing options for $flatten\u_mac_array.\gen_row[1].gen_col[5].u_mac_pe.$mul$rtl/mac_pe.sv:26$783 ($mul):
    Found cell that is never activated: $flatten\u_mac_array.\gen_row[1].gen_col[5].u_mac_pe.$mul$rtl/mac_pe.sv:26$783
    Cell is never active. Sharing is pointless, we simply remove it.
  Analyzing resource sharing options for $flatten\u_mac_array.\gen_row[1].gen_col[4].u_mac_pe.$mul$rtl/mac_pe.sv:26$783 ($mul):
    Found cell that is never activated: $flatten\u_mac_array.\gen_row[1].gen_col[4].u_mac_pe.$mul$rtl/mac_pe.sv:26$783
    Cell is never active. Sharing is pointless, we simply remove it.
  Analyzing resource sharing options for $flatten\u_mac_array.\gen_row[1].gen_col[3].u_mac_pe.$mul$rtl/mac_pe.sv:26$783 ($mul):
    Found cell that is never activated: $flatten\u_mac_array.\gen_row[1].gen_col[3].u_mac_pe.$mul$rtl/mac_pe.sv:26$783
    Cell is never active. Sharing is pointless, we simply remove it.
  Analyzing resource sharing options for $flatten\u_mac_array.\gen_row[1].gen_col[2].u_mac_pe.$mul$rtl/mac_pe.sv:26$783 ($mul):
    Found cell that is never activated: $flatten\u_mac_array.\gen_row[1].gen_col[2].u_mac_pe.$mul$rtl/mac_pe.sv:26$783
    Cell is never active. Sharing is pointless, we simply remove it.
  Analyzing resource sharing options for $flatten\u_mac_array.\gen_row[1].gen_col[1].u_mac_pe.$mul$rtl/mac_pe.sv:26$783 ($mul):
    Found cell that is never activated: $flatten\u_mac_array.\gen_row[1].gen_col[1].u_mac_pe.$mul$rtl/mac_pe.sv:26$783
    Cell is never active. Sharing is pointless, we simply remove it.
  Analyzing resource sharing options for $flatten\u_mac_array.\gen_row[1].gen_col[0].u_mac_pe.$mul$rtl/mac_pe.sv:26$783 ($mul):
    Found cell that is never activated: $flatten\u_mac_array.\gen_row[1].gen_col[0].u_mac_pe.$mul$rtl/mac_pe.sv:26$783
    Cell is never active. Sharing is pointless, we simply remove it.
  Analyzing resource sharing options for $flatten\u_mac_array.\gen_row[0].gen_col[7].u_mac_pe.$mul$rtl/mac_pe.sv:26$783 ($mul):
    Found cell that is never activated: $flatten\u_mac_array.\gen_row[0].gen_col[7].u_mac_pe.$mul$rtl/mac_pe.sv:26$783
    Cell is never active. Sharing is pointless, we simply remove it.
  Analyzing resource sharing options for $flatten\u_mac_array.\gen_row[0].gen_col[6].u_mac_pe.$mul$rtl/mac_pe.sv:26$783 ($mul):
    Found cell that is never activated: $flatten\u_mac_array.\gen_row[0].gen_col[6].u_mac_pe.$mul$rtl/mac_pe.sv:26$783
    Cell is never active. Sharing is pointless, we simply remove it.
  Analyzing resource sharing options for $flatten\u_mac_array.\gen_row[0].gen_col[5].u_mac_pe.$mul$rtl/mac_pe.sv:26$783 ($mul):
    Found cell that is never activated: $flatten\u_mac_array.\gen_row[0].gen_col[5].u_mac_pe.$mul$rtl/mac_pe.sv:26$783
    Cell is never active. Sharing is pointless, we simply remove it.
  Analyzing resource sharing options for $flatten\u_mac_array.\gen_row[0].gen_col[4].u_mac_pe.$mul$rtl/mac_pe.sv:26$783 ($mul):
    Found cell that is never activated: $flatten\u_mac_array.\gen_row[0].gen_col[4].u_mac_pe.$mul$rtl/mac_pe.sv:26$783
    Cell is never active. Sharing is pointless, we simply remove it.
  Analyzing resource sharing options for $flatten\u_mac_array.\gen_row[0].gen_col[3].u_mac_pe.$mul$rtl/mac_pe.sv:26$783 ($mul):
    Found cell that is never activated: $flatten\u_mac_array.\gen_row[0].gen_col[3].u_mac_pe.$mul$rtl/mac_pe.sv:26$783
    Cell is never active. Sharing is pointless, we simply remove it.
  Analyzing resource sharing options for $flatten\u_mac_array.\gen_row[0].gen_col[2].u_mac_pe.$mul$rtl/mac_pe.sv:26$783 ($mul):
    Found cell that is never activated: $flatten\u_mac_array.\gen_row[0].gen_col[2].u_mac_pe.$mul$rtl/mac_pe.sv:26$783
    Cell is never active. Sharing is pointless, we simply remove it.
  Analyzing resource sharing options for $flatten\u_mac_array.\gen_row[0].gen_col[1].u_mac_pe.$mul$rtl/mac_pe.sv:26$783 ($mul):
    Found cell that is never activated: $flatten\u_mac_array.\gen_row[0].gen_col[1].u_mac_pe.$mul$rtl/mac_pe.sv:26$783
    Cell is never active. Sharing is pointless, we simply remove it.
  Analyzing resource sharing options for $flatten\u_mac_array.\gen_row[0].gen_col[0].u_mac_pe.$mul$rtl/mac_pe.sv:26$783 ($mul):
    Found cell that is never activated: $flatten\u_mac_array.\gen_row[0].gen_col[0].u_mac_pe.$mul$rtl/mac_pe.sv:26$783
    Cell is never active. Sharing is pointless, we simply remove it.
Removing 64 cells in module int8_matmul:
  Removing cell $flatten\u_mac_array.\gen_row[0].gen_col[0].u_mac_pe.$mul$rtl/mac_pe.sv:26$783 ($mul).
  Removing cell $flatten\u_mac_array.\gen_row[0].gen_col[1].u_mac_pe.$mul$rtl/mac_pe.sv:26$783 ($mul).
  Removing cell $flatten\u_mac_array.\gen_row[0].gen_col[2].u_mac_pe.$mul$rtl/mac_pe.sv:26$783 ($mul).
  Removing cell $flatten\u_mac_array.\gen_row[0].gen_col[3].u_mac_pe.$mul$rtl/mac_pe.sv:26$783 ($mul).
  Removing cell $flatten\u_mac_array.\gen_row[0].gen_col[4].u_mac_pe.$mul$rtl/mac_pe.sv:26$783 ($mul).
  Removing cell $flatten\u_mac_array.\gen_row[0].gen_col[5].u_mac_pe.$mul$rtl/mac_pe.sv:26$783 ($mul).
  Removing cell $flatten\u_mac_array.\gen_row[0].gen_col[6].u_mac_pe.$mul$rtl/mac_pe.sv:26$783 ($mul).
  Removing cell $flatten\u_mac_array.\gen_row[0].gen_col[7].u_mac_pe.$mul$rtl/mac_pe.sv:26$783 ($mul).
  Removing cell $flatten\u_mac_array.\gen_row[1].gen_col[0].u_mac_pe.$mul$rtl/mac_pe.sv:26$783 ($mul).
  Removing cell $flatten\u_mac_array.\gen_row[1].gen_col[1].u_mac_pe.$mul$rtl/mac_pe.sv:26$783 ($mul).
  Removing cell $flatten\u_mac_array.\gen_row[1].gen_col[2].u_mac_pe.$mul$rtl/mac_pe.sv:26$783 ($mul).
  Removing cell $flatten\u_mac_array.\gen_row[1].gen_col[3].u_mac_pe.$mul$rtl/mac_pe.sv:26$783 ($mul).
  Removing cell $flatten\u_mac_array.\gen_row[1].gen_col[4].u_mac_pe.$mul$rtl/mac_pe.sv:26$783 ($mul).
  Removing cell $flatten\u_mac_array.\gen_row[1].gen_col[5].u_mac_pe.$mul$rtl/mac_pe.sv:26$783 ($mul).
  Removing cell $flatten\u_mac_array.\gen_row[1].gen_col[6].u_mac_pe.$mul$rtl/mac_pe.sv:26$783 ($mul).
  Removing cell $flatten\u_mac_array.\gen_row[1].gen_col[7].u_mac_pe.$mul$rtl/mac_pe.sv:26$783 ($mul).
  Removing cell $flatten\u_mac_array.\gen_row[2].gen_col[0].u_mac_pe.$mul$rtl/mac_pe.sv:26$783 ($mul).
  Removing cell $flatten\u_mac_array.\gen_row[2].gen_col[1].u_mac_pe.$mul$rtl/mac_pe.sv:26$783 ($mul).
  Removing cell $flatten\u_mac_array.\gen_row[2].gen_col[2].u_mac_pe.$mul$rtl/mac_pe.sv:26$783 ($mul).
  Removing cell $flatten\u_mac_array.\gen_row[2].gen_col[3].u_mac_pe.$mul$rtl/mac_pe.sv:26$783 ($mul).
  Removing cell $flatten\u_mac_array.\gen_row[2].gen_col[4].u_mac_pe.$mul$rtl/mac_pe.sv:26$783 ($mul).
  Removing cell $flatten\u_mac_array.\gen_row[2].gen_col[5].u_mac_pe.$mul$rtl/mac_pe.sv:26$783 ($mul).
  Removing cell $flatten\u_mac_array.\gen_row[2].gen_col[6].u_mac_pe.$mul$rtl/mac_pe.sv:26$783 ($mul).
  Removing cell $flatten\u_mac_array.\gen_row[2].gen_col[7].u_mac_pe.$mul$rtl/mac_pe.sv:26$783 ($mul).
  Removing cell $flatten\u_mac_array.\gen_row[3].gen_col[0].u_mac_pe.$mul$rtl/mac_pe.sv:26$783 ($mul).
  Removing cell $flatten\u_mac_array.\gen_row[3].gen_col[1].u_mac_pe.$mul$rtl/mac_pe.sv:26$783 ($mul).
  Removing cell $flatten\u_mac_array.\gen_row[3].gen_col[2].u_mac_pe.$mul$rtl/mac_pe.sv:26$783 ($mul).
  Removing cell $flatten\u_mac_array.\gen_row[3].gen_col[3].u_mac_pe.$mul$rtl/mac_pe.sv:26$783 ($mul).
  Removing cell $flatten\u_mac_array.\gen_row[3].gen_col[4].u_mac_pe.$mul$rtl/mac_pe.sv:26$783 ($mul).
  Removing cell $flatten\u_mac_array.\gen_row[3].gen_col[5].u_mac_pe.$mul$rtl/mac_pe.sv:26$783 ($mul).
  Removing cell $flatten\u_mac_array.\gen_row[3].gen_col[6].u_mac_pe.$mul$rtl/mac_pe.sv:26$783 ($mul).
  Removing cell $flatten\u_mac_array.\gen_row[3].gen_col[7].u_mac_pe.$mul$rtl/mac_pe.sv:26$783 ($mul).
  Removing cell $flatten\u_mac_array.\gen_row[4].gen_col[0].u_mac_pe.$mul$rtl/mac_pe.sv:26$783 ($mul).
  Removing cell $flatten\u_mac_array.\gen_row[4].gen_col[1].u_mac_pe.$mul$rtl/mac_pe.sv:26$783 ($mul).
  Removing cell $flatten\u_mac_array.\gen_row[4].gen_col[2].u_mac_pe.$mul$rtl/mac_pe.sv:26$783 ($mul).
  Removing cell $flatten\u_mac_array.\gen_row[4].gen_col[3].u_mac_pe.$mul$rtl/mac_pe.sv:26$783 ($mul).
  Removing cell $flatten\u_mac_array.\gen_row[4].gen_col[4].u_mac_pe.$mul$rtl/mac_pe.sv:26$783 ($mul).
  Removing cell $flatten\u_mac_array.\gen_row[4].gen_col[5].u_mac_pe.$mul$rtl/mac_pe.sv:26$783 ($mul).
  Removing cell $flatten\u_mac_array.\gen_row[4].gen_col[6].u_mac_pe.$mul$rtl/mac_pe.sv:26$783 ($mul).
  Removing cell $flatten\u_mac_array.\gen_row[4].gen_col[7].u_mac_pe.$mul$rtl/mac_pe.sv:26$783 ($mul).
  Removing cell $flatten\u_mac_array.\gen_row[5].gen_col[0].u_mac_pe.$mul$rtl/mac_pe.sv:26$783 ($mul).
  Removing cell $flatten\u_mac_array.\gen_row[5].gen_col[1].u_mac_pe.$mul$rtl/mac_pe.sv:26$783 ($mul).
  Removing cell $flatten\u_mac_array.\gen_row[5].gen_col[2].u_mac_pe.$mul$rtl/mac_pe.sv:26$783 ($mul).
  Removing cell $flatten\u_mac_array.\gen_row[5].gen_col[3].u_mac_pe.$mul$rtl/mac_pe.sv:26$783 ($mul).
  Removing cell $flatten\u_mac_array.\gen_row[5].gen_col[4].u_mac_pe.$mul$rtl/mac_pe.sv:26$783 ($mul).
  Removing cell $flatten\u_mac_array.\gen_row[5].gen_col[5].u_mac_pe.$mul$rtl/mac_pe.sv:26$783 ($mul).
  Removing cell $flatten\u_mac_array.\gen_row[5].gen_col[6].u_mac_pe.$mul$rtl/mac_pe.sv:26$783 ($mul).
  Removing cell $flatten\u_mac_array.\gen_row[5].gen_col[7].u_mac_pe.$mul$rtl/mac_pe.sv:26$783 ($mul).
  Removing cell $flatten\u_mac_array.\gen_row[6].gen_col[0].u_mac_pe.$mul$rtl/mac_pe.sv:26$783 ($mul).
  Removing cell $flatten\u_mac_array.\gen_row[6].gen_col[1].u_mac_pe.$mul$rtl/mac_pe.sv:26$783 ($mul).
  Removing cell $flatten\u_mac_array.\gen_row[6].gen_col[2].u_mac_pe.$mul$rtl/mac_pe.sv:26$783 ($mul).
  Removing cell $flatten\u_mac_array.\gen_row[6].gen_col[3].u_mac_pe.$mul$rtl/mac_pe.sv:26$783 ($mul).
  Removing cell $flatten\u_mac_array.\gen_row[6].gen_col[4].u_mac_pe.$mul$rtl/mac_pe.sv:26$783 ($mul).
  Removing cell $flatten\u_mac_array.\gen_row[6].gen_col[5].u_mac_pe.$mul$rtl/mac_pe.sv:26$783 ($mul).
  Removing cell $flatten\u_mac_array.\gen_row[6].gen_col[6].u_mac_pe.$mul$rtl/mac_pe.sv:26$783 ($mul).
  Removing cell $flatten\u_mac_array.\gen_row[6].gen_col[7].u_mac_pe.$mul$rtl/mac_pe.sv:26$783 ($mul).
  Removing cell $flatten\u_mac_array.\gen_row[7].gen_col[0].u_mac_pe.$mul$rtl/mac_pe.sv:26$783 ($mul).
  Removing cell $flatten\u_mac_array.\gen_row[7].gen_col[1].u_mac_pe.$mul$rtl/mac_pe.sv:26$783 ($mul).
  Removing cell $flatten\u_mac_array.\gen_row[7].gen_col[2].u_mac_pe.$mul$rtl/mac_pe.sv:26$783 ($mul).
  Removing cell $flatten\u_mac_array.\gen_row[7].gen_col[3].u_mac_pe.$mul$rtl/mac_pe.sv:26$783 ($mul).
  Removing cell $flatten\u_mac_array.\gen_row[7].gen_col[4].u_mac_pe.$mul$rtl/mac_pe.sv:26$783 ($mul).
  Removing cell $flatten\u_mac_array.\gen_row[7].gen_col[5].u_mac_pe.$mul$rtl/mac_pe.sv:26$783 ($mul).
  Removing cell $flatten\u_mac_array.\gen_row[7].gen_col[6].u_mac_pe.$mul$rtl/mac_pe.sv:26$783 ($mul).
  Removing cell $flatten\u_mac_array.\gen_row[7].gen_col[7].u_mac_pe.$mul$rtl/mac_pe.sv:26$783 ($mul).

6.15. Executing OPT pass (performing simple optimizations).

6.15.1. Executing OPT_EXPR pass (perform const folding).
Optimizing module int8_matmul.

6.15.2. Executing OPT_MERGE pass (detect identical cells).
Finding identical cells in module `\int8_matmul'.
Removed a total of 0 cells.

6.15.3. Executing OPT_MUXTREE pass (detect dead branches in mux trees).
Running muxtree optimizer on module \int8_matmul..
  Creating internal representation of mux trees.
  Evaluating internal representation of mux trees.
  Analyzing evaluation results.
Removed 0 multiplexer ports.
<suppressed ~19 debug messages>

6.15.4. Executing OPT_REDUCE pass (consolidate $*mux and $reduce_* inputs).
  Optimizing cells in module \int8_matmul.
Performed a total of 0 changes.

6.15.5. Executing OPT_MERGE pass (detect identical cells).
Finding identical cells in module `\int8_matmul'.
Removed a total of 0 cells.

6.15.6. Executing OPT_DFF pass (perform DFF optimizations).

6.15.7. Executing OPT_CLEAN pass (remove unused cells and wires).
Finding unused cells or wires in module \int8_matmul..

6.15.8. Executing OPT_EXPR pass (perform const folding).
Optimizing module int8_matmul.

6.15.9. Finished OPT passes. (There is nothing left to do.)

6.16. Executing MEMORY pass.

6.16.1. Executing OPT_MEM pass (optimize memories).
Performed a total of 0 transformations.

6.16.2. Executing OPT_MEM_PRIORITY pass (removing unnecessary memory write priority relations).
Performed a total of 0 transformations.

6.16.3. Executing OPT_MEM_FEEDBACK pass (finding memory read-to-write feedback paths).
  Analyzing int8_matmul.a_matrix write port 0.
  Analyzing int8_matmul.b_matrix write port 0.

6.16.4. Executing MEMORY_BMUX2ROM pass (converting muxes to ROMs).

6.16.5. Executing MEMORY_DFF pass (merging $dff cells to $memrd).
Checking read port `\a_matrix'[0] in module `\int8_matmul': no output FF found.
Checking read port `\a_matrix'[1] in module `\int8_matmul': no output FF found.
Checking read port `\a_matrix'[2] in module `\int8_matmul': no output FF found.
Checking read port `\a_matrix'[3] in module `\int8_matmul': no output FF found.
Checking read port `\a_matrix'[4] in module `\int8_matmul': no output FF found.
Checking read port `\a_matrix'[5] in module `\int8_matmul': no output FF found.
Checking read port `\a_matrix'[6] in module `\int8_matmul': no output FF found.
Checking read port `\a_matrix'[7] in module `\int8_matmul': no output FF found.
Checking read port `\a_matrix'[8] in module `\int8_matmul': no output FF found.
Checking read port `\a_matrix'[9] in module `\int8_matmul': no output FF found.
Checking read port `\a_matrix'[10] in module `\int8_matmul': no output FF found.
Checking read port `\a_matrix'[11] in module `\int8_matmul': no output FF found.
Checking read port `\a_matrix'[12] in module `\int8_matmul': no output FF found.
Checking read port `\a_matrix'[13] in module `\int8_matmul': no output FF found.
Checking read port `\a_matrix'[14] in module `\int8_matmul': no output FF found.
Checking read port `\a_matrix'[15] in module `\int8_matmul': no output FF found.
Checking read port `\a_matrix'[16] in module `\int8_matmul': no output FF found.
Checking read port `\a_matrix'[17] in module `\int8_matmul': no output FF found.
Checking read port `\a_matrix'[18] in module `\int8_matmul': no output FF found.
Checking read port `\a_matrix'[19] in module `\int8_matmul': no output FF found.
Checking read port `\a_matrix'[20] in module `\int8_matmul': no output FF found.
Checking read port `\a_matrix'[21] in module `\int8_matmul': no output FF found.
Checking read port `\a_matrix'[22] in module `\int8_matmul': no output FF found.
Checking read port `\a_matrix'[23] in module `\int8_matmul': no output FF found.
Checking read port `\a_matrix'[24] in module `\int8_matmul': no output FF found.
Checking read port `\a_matrix'[25] in module `\int8_matmul': no output FF found.
Checking read port `\a_matrix'[26] in module `\int8_matmul': no output FF found.
Checking read port `\a_matrix'[27] in module `\int8_matmul': no output FF found.
Checking read port `\a_matrix'[28] in module `\int8_matmul': no output FF found.
Checking read port `\a_matrix'[29] in module `\int8_matmul': no output FF found.
Checking read port `\a_matrix'[30] in module `\int8_matmul': no output FF found.
Checking read port `\a_matrix'[31] in module `\int8_matmul': no output FF found.
Checking read port `\a_matrix'[32] in module `\int8_matmul': no output FF found.
Checking read port `\a_matrix'[33] in module `\int8_matmul': no output FF found.
Checking read port `\a_matrix'[34] in module `\int8_matmul': no output FF found.
Checking read port `\a_matrix'[35] in module `\int8_matmul': no output FF found.
Checking read port `\a_matrix'[36] in module `\int8_matmul': no output FF found.
Checking read port `\a_matrix'[37] in module `\int8_matmul': no output FF found.
Checking read port `\a_matrix'[38] in module `\int8_matmul': no output FF found.
Checking read port `\a_matrix'[39] in module `\int8_matmul': no output FF found.
Checking read port `\a_matrix'[40] in module `\int8_matmul': no output FF found.
Checking read port `\a_matrix'[41] in module `\int8_matmul': no output FF found.
Checking read port `\a_matrix'[42] in module `\int8_matmul': no output FF found.
Checking read port `\a_matrix'[43] in module `\int8_matmul': no output FF found.
Checking read port `\a_matrix'[44] in module `\int8_matmul': no output FF found.
Checking read port `\a_matrix'[45] in module `\int8_matmul': no output FF found.
Checking read port `\a_matrix'[46] in module `\int8_matmul': no output FF found.
Checking read port `\a_matrix'[47] in module `\int8_matmul': no output FF found.
Checking read port `\a_matrix'[48] in module `\int8_matmul': no output FF found.
Checking read port `\a_matrix'[49] in module `\int8_matmul': no output FF found.
Checking read port `\a_matrix'[50] in module `\int8_matmul': no output FF found.
Checking read port `\a_matrix'[51] in module `\int8_matmul': no output FF found.
Checking read port `\a_matrix'[52] in module `\int8_matmul': no output FF found.
Checking read port `\a_matrix'[53] in module `\int8_matmul': no output FF found.
Checking read port `\a_matrix'[54] in module `\int8_matmul': no output FF found.
Checking read port `\a_matrix'[55] in module `\int8_matmul': no output FF found.
Checking read port `\a_matrix'[56] in module `\int8_matmul': no output FF found.
Checking read port `\a_matrix'[57] in module `\int8_matmul': no output FF found.
Checking read port `\a_matrix'[58] in module `\int8_matmul': no output FF found.
Checking read port `\a_matrix'[59] in module `\int8_matmul': no output FF found.
Checking read port `\a_matrix'[60] in module `\int8_matmul': no output FF found.
Checking read port `\a_matrix'[61] in module `\int8_matmul': no output FF found.
Checking read port `\a_matrix'[62] in module `\int8_matmul': no output FF found.
Checking read port `\a_matrix'[63] in module `\int8_matmul': no output FF found.
Checking read port `\b_matrix'[0] in module `\int8_matmul': no output FF found.
Checking read port `\b_matrix'[1] in module `\int8_matmul': no output FF found.
Checking read port `\b_matrix'[2] in module `\int8_matmul': no output FF found.
Checking read port `\b_matrix'[3] in module `\int8_matmul': no output FF found.
Checking read port `\b_matrix'[4] in module `\int8_matmul': no output FF found.
Checking read port `\b_matrix'[5] in module `\int8_matmul': no output FF found.
Checking read port `\b_matrix'[6] in module `\int8_matmul': no output FF found.
Checking read port `\b_matrix'[7] in module `\int8_matmul': no output FF found.
Checking read port `\b_matrix'[8] in module `\int8_matmul': no output FF found.
Checking read port `\b_matrix'[9] in module `\int8_matmul': no output FF found.
Checking read port `\b_matrix'[10] in module `\int8_matmul': no output FF found.
Checking read port `\b_matrix'[11] in module `\int8_matmul': no output FF found.
Checking read port `\b_matrix'[12] in module `\int8_matmul': no output FF found.
Checking read port `\b_matrix'[13] in module `\int8_matmul': no output FF found.
Checking read port `\b_matrix'[14] in module `\int8_matmul': no output FF found.
Checking read port `\b_matrix'[15] in module `\int8_matmul': no output FF found.
Checking read port `\b_matrix'[16] in module `\int8_matmul': no output FF found.
Checking read port `\b_matrix'[17] in module `\int8_matmul': no output FF found.
Checking read port `\b_matrix'[18] in module `\int8_matmul': no output FF found.
Checking read port `\b_matrix'[19] in module `\int8_matmul': no output FF found.
Checking read port `\b_matrix'[20] in module `\int8_matmul': no output FF found.
Checking read port `\b_matrix'[21] in module `\int8_matmul': no output FF found.
Checking read port `\b_matrix'[22] in module `\int8_matmul': no output FF found.
Checking read port `\b_matrix'[23] in module `\int8_matmul': no output FF found.
Checking read port `\b_matrix'[24] in module `\int8_matmul': no output FF found.
Checking read port `\b_matrix'[25] in module `\int8_matmul': no output FF found.
Checking read port `\b_matrix'[26] in module `\int8_matmul': no output FF found.
Checking read port `\b_matrix'[27] in module `\int8_matmul': no output FF found.
Checking read port `\b_matrix'[28] in module `\int8_matmul': no output FF found.
Checking read port `\b_matrix'[29] in module `\int8_matmul': no output FF found.
Checking read port `\b_matrix'[30] in module `\int8_matmul': no output FF found.
Checking read port `\b_matrix'[31] in module `\int8_matmul': no output FF found.
Checking read port `\b_matrix'[32] in module `\int8_matmul': no output FF found.
Checking read port `\b_matrix'[33] in module `\int8_matmul': no output FF found.
Checking read port `\b_matrix'[34] in module `\int8_matmul': no output FF found.
Checking read port `\b_matrix'[35] in module `\int8_matmul': no output FF found.
Checking read port `\b_matrix'[36] in module `\int8_matmul': no output FF found.
Checking read port `\b_matrix'[37] in module `\int8_matmul': no output FF found.
Checking read port `\b_matrix'[38] in module `\int8_matmul': no output FF found.
Checking read port `\b_matrix'[39] in module `\int8_matmul': no output FF found.
Checking read port `\b_matrix'[40] in module `\int8_matmul': no output FF found.
Checking read port `\b_matrix'[41] in module `\int8_matmul': no output FF found.
Checking read port `\b_matrix'[42] in module `\int8_matmul': no output FF found.
Checking read port `\b_matrix'[43] in module `\int8_matmul': no output FF found.
Checking read port `\b_matrix'[44] in module `\int8_matmul': no output FF found.
Checking read port `\b_matrix'[45] in module `\int8_matmul': no output FF found.
Checking read port `\b_matrix'[46] in module `\int8_matmul': no output FF found.
Checking read port `\b_matrix'[47] in module `\int8_matmul': no output FF found.
Checking read port `\b_matrix'[48] in module `\int8_matmul': no output FF found.
Checking read port `\b_matrix'[49] in module `\int8_matmul': no output FF found.
Checking read port `\b_matrix'[50] in module `\int8_matmul': no output FF found.
Checking read port `\b_matrix'[51] in module `\int8_matmul': no output FF found.
Checking read port `\b_matrix'[52] in module `\int8_matmul': no output FF found.
Checking read port `\b_matrix'[53] in module `\int8_matmul': no output FF found.
Checking read port `\b_matrix'[54] in module `\int8_matmul': no output FF found.
Checking read port `\b_matrix'[55] in module `\int8_matmul': no output FF found.
Checking read port `\b_matrix'[56] in module `\int8_matmul': no output FF found.
Checking read port `\b_matrix'[57] in module `\int8_matmul': no output FF found.
Checking read port `\b_matrix'[58] in module `\int8_matmul': no output FF found.
Checking read port `\b_matrix'[59] in module `\int8_matmul': no output FF found.
Checking read port `\b_matrix'[60] in module `\int8_matmul': no output FF found.
Checking read port `\b_matrix'[61] in module `\int8_matmul': no output FF found.
Checking read port `\b_matrix'[62] in module `\int8_matmul': no output FF found.
Checking read port `\b_matrix'[63] in module `\int8_matmul': no output FF found.
Checking read port address `\a_matrix'[0] in module `\int8_matmul': no address FF found.
Checking read port address `\a_matrix'[1] in module `\int8_matmul': no address FF found.
Checking read port address `\a_matrix'[2] in module `\int8_matmul': no address FF found.
Checking read port address `\a_matrix'[3] in module `\int8_matmul': no address FF found.
Checking read port address `\a_matrix'[4] in module `\int8_matmul': no address FF found.
Checking read port address `\a_matrix'[5] in module `\int8_matmul': no address FF found.
Checking read port address `\a_matrix'[6] in module `\int8_matmul': no address FF found.
Checking read port address `\a_matrix'[7] in module `\int8_matmul': no address FF found.
Checking read port address `\a_matrix'[8] in module `\int8_matmul': no address FF found.
Checking read port address `\a_matrix'[9] in module `\int8_matmul': no address FF found.
Checking read port address `\a_matrix'[10] in module `\int8_matmul': no address FF found.
Checking read port address `\a_matrix'[11] in module `\int8_matmul': no address FF found.
Checking read port address `\a_matrix'[12] in module `\int8_matmul': no address FF found.
Checking read port address `\a_matrix'[13] in module `\int8_matmul': no address FF found.
Checking read port address `\a_matrix'[14] in module `\int8_matmul': no address FF found.
Checking read port address `\a_matrix'[15] in module `\int8_matmul': no address FF found.
Checking read port address `\a_matrix'[16] in module `\int8_matmul': no address FF found.
Checking read port address `\a_matrix'[17] in module `\int8_matmul': no address FF found.
Checking read port address `\a_matrix'[18] in module `\int8_matmul': no address FF found.
Checking read port address `\a_matrix'[19] in module `\int8_matmul': no address FF found.
Checking read port address `\a_matrix'[20] in module `\int8_matmul': no address FF found.
Checking read port address `\a_matrix'[21] in module `\int8_matmul': no address FF found.
Checking read port address `\a_matrix'[22] in module `\int8_matmul': no address FF found.
Checking read port address `\a_matrix'[23] in module `\int8_matmul': no address FF found.
Checking read port address `\a_matrix'[24] in module `\int8_matmul': no address FF found.
Checking read port address `\a_matrix'[25] in module `\int8_matmul': no address FF found.
Checking read port address `\a_matrix'[26] in module `\int8_matmul': no address FF found.
Checking read port address `\a_matrix'[27] in module `\int8_matmul': no address FF found.
Checking read port address `\a_matrix'[28] in module `\int8_matmul': no address FF found.
Checking read port address `\a_matrix'[29] in module `\int8_matmul': no address FF found.
Checking read port address `\a_matrix'[30] in module `\int8_matmul': no address FF found.
Checking read port address `\a_matrix'[31] in module `\int8_matmul': no address FF found.
Checking read port address `\a_matrix'[32] in module `\int8_matmul': no address FF found.
Checking read port address `\a_matrix'[33] in module `\int8_matmul': no address FF found.
Checking read port address `\a_matrix'[34] in module `\int8_matmul': no address FF found.
Checking read port address `\a_matrix'[35] in module `\int8_matmul': no address FF found.
Checking read port address `\a_matrix'[36] in module `\int8_matmul': no address FF found.
Checking read port address `\a_matrix'[37] in module `\int8_matmul': no address FF found.
Checking read port address `\a_matrix'[38] in module `\int8_matmul': no address FF found.
Checking read port address `\a_matrix'[39] in module `\int8_matmul': no address FF found.
Checking read port address `\a_matrix'[40] in module `\int8_matmul': no address FF found.
Checking read port address `\a_matrix'[41] in module `\int8_matmul': no address FF found.
Checking read port address `\a_matrix'[42] in module `\int8_matmul': no address FF found.
Checking read port address `\a_matrix'[43] in module `\int8_matmul': no address FF found.
Checking read port address `\a_matrix'[44] in module `\int8_matmul': no address FF found.
Checking read port address `\a_matrix'[45] in module `\int8_matmul': no address FF found.
Checking read port address `\a_matrix'[46] in module `\int8_matmul': no address FF found.
Checking read port address `\a_matrix'[47] in module `\int8_matmul': no address FF found.
Checking read port address `\a_matrix'[48] in module `\int8_matmul': no address FF found.
Checking read port address `\a_matrix'[49] in module `\int8_matmul': no address FF found.
Checking read port address `\a_matrix'[50] in module `\int8_matmul': no address FF found.
Checking read port address `\a_matrix'[51] in module `\int8_matmul': no address FF found.
Checking read port address `\a_matrix'[52] in module `\int8_matmul': no address FF found.
Checking read port address `\a_matrix'[53] in module `\int8_matmul': no address FF found.
Checking read port address `\a_matrix'[54] in module `\int8_matmul': no address FF found.
Checking read port address `\a_matrix'[55] in module `\int8_matmul': no address FF found.
Checking read port address `\a_matrix'[56] in module `\int8_matmul': no address FF found.
Checking read port address `\a_matrix'[57] in module `\int8_matmul': no address FF found.
Checking read port address `\a_matrix'[58] in module `\int8_matmul': no address FF found.
Checking read port address `\a_matrix'[59] in module `\int8_matmul': no address FF found.
Checking read port address `\a_matrix'[60] in module `\int8_matmul': no address FF found.
Checking read port address `\a_matrix'[61] in module `\int8_matmul': no address FF found.
Checking read port address `\a_matrix'[62] in module `\int8_matmul': no address FF found.
Checking read port address `\a_matrix'[63] in module `\int8_matmul': no address FF found.
Checking read port address `\b_matrix'[0] in module `\int8_matmul': no address FF found.
Checking read port address `\b_matrix'[1] in module `\int8_matmul': no address FF found.
Checking read port address `\b_matrix'[2] in module `\int8_matmul': no address FF found.
Checking read port address `\b_matrix'[3] in module `\int8_matmul': no address FF found.
Checking read port address `\b_matrix'[4] in module `\int8_matmul': no address FF found.
Checking read port address `\b_matrix'[5] in module `\int8_matmul': no address FF found.
Checking read port address `\b_matrix'[6] in module `\int8_matmul': no address FF found.
Checking read port address `\b_matrix'[7] in module `\int8_matmul': no address FF found.
Checking read port address `\b_matrix'[8] in module `\int8_matmul': no address FF found.
Checking read port address `\b_matrix'[9] in module `\int8_matmul': no address FF found.
Checking read port address `\b_matrix'[10] in module `\int8_matmul': no address FF found.
Checking read port address `\b_matrix'[11] in module `\int8_matmul': no address FF found.
Checking read port address `\b_matrix'[12] in module `\int8_matmul': no address FF found.
Checking read port address `\b_matrix'[13] in module `\int8_matmul': no address FF found.
Checking read port address `\b_matrix'[14] in module `\int8_matmul': no address FF found.
Checking read port address `\b_matrix'[15] in module `\int8_matmul': no address FF found.
Checking read port address `\b_matrix'[16] in module `\int8_matmul': no address FF found.
Checking read port address `\b_matrix'[17] in module `\int8_matmul': no address FF found.
Checking read port address `\b_matrix'[18] in module `\int8_matmul': no address FF found.
Checking read port address `\b_matrix'[19] in module `\int8_matmul': no address FF found.
Checking read port address `\b_matrix'[20] in module `\int8_matmul': no address FF found.
Checking read port address `\b_matrix'[21] in module `\int8_matmul': no address FF found.
Checking read port address `\b_matrix'[22] in module `\int8_matmul': no address FF found.
Checking read port address `\b_matrix'[23] in module `\int8_matmul': no address FF found.
Checking read port address `\b_matrix'[24] in module `\int8_matmul': no address FF found.
Checking read port address `\b_matrix'[25] in module `\int8_matmul': no address FF found.
Checking read port address `\b_matrix'[26] in module `\int8_matmul': no address FF found.
Checking read port address `\b_matrix'[27] in module `\int8_matmul': no address FF found.
Checking read port address `\b_matrix'[28] in module `\int8_matmul': no address FF found.
Checking read port address `\b_matrix'[29] in module `\int8_matmul': no address FF found.
Checking read port address `\b_matrix'[30] in module `\int8_matmul': no address FF found.
Checking read port address `\b_matrix'[31] in module `\int8_matmul': no address FF found.
Checking read port address `\b_matrix'[32] in module `\int8_matmul': no address FF found.
Checking read port address `\b_matrix'[33] in module `\int8_matmul': no address FF found.
Checking read port address `\b_matrix'[34] in module `\int8_matmul': no address FF found.
Checking read port address `\b_matrix'[35] in module `\int8_matmul': no address FF found.
Checking read port address `\b_matrix'[36] in module `\int8_matmul': no address FF found.
Checking read port address `\b_matrix'[37] in module `\int8_matmul': no address FF found.
Checking read port address `\b_matrix'[38] in module `\int8_matmul': no address FF found.
Checking read port address `\b_matrix'[39] in module `\int8_matmul': no address FF found.
Checking read port address `\b_matrix'[40] in module `\int8_matmul': no address FF found.
Checking read port address `\b_matrix'[41] in module `\int8_matmul': no address FF found.
Checking read port address `\b_matrix'[42] in module `\int8_matmul': no address FF found.
Checking read port address `\b_matrix'[43] in module `\int8_matmul': no address FF found.
Checking read port address `\b_matrix'[44] in module `\int8_matmul': no address FF found.
Checking read port address `\b_matrix'[45] in module `\int8_matmul': no address FF found.
Checking read port address `\b_matrix'[46] in module `\int8_matmul': no address FF found.
Checking read port address `\b_matrix'[47] in module `\int8_matmul': no address FF found.
Checking read port address `\b_matrix'[48] in module `\int8_matmul': no address FF found.
Checking read port address `\b_matrix'[49] in module `\int8_matmul': no address FF found.
Checking read port address `\b_matrix'[50] in module `\int8_matmul': no address FF found.
Checking read port address `\b_matrix'[51] in module `\int8_matmul': no address FF found.
Checking read port address `\b_matrix'[52] in module `\int8_matmul': no address FF found.
Checking read port address `\b_matrix'[53] in module `\int8_matmul': no address FF found.
Checking read port address `\b_matrix'[54] in module `\int8_matmul': no address FF found.
Checking read port address `\b_matrix'[55] in module `\int8_matmul': no address FF found.
Checking read port address `\b_matrix'[56] in module `\int8_matmul': no address FF found.
Checking read port address `\b_matrix'[57] in module `\int8_matmul': no address FF found.
Checking read port address `\b_matrix'[58] in module `\int8_matmul': no address FF found.
Checking read port address `\b_matrix'[59] in module `\int8_matmul': no address FF found.
Checking read port address `\b_matrix'[60] in module `\int8_matmul': no address FF found.
Checking read port address `\b_matrix'[61] in module `\int8_matmul': no address FF found.
Checking read port address `\b_matrix'[62] in module `\int8_matmul': no address FF found.
Checking read port address `\b_matrix'[63] in module `\int8_matmul': no address FF found.

6.16.6. Executing OPT_CLEAN pass (remove unused cells and wires).
Finding unused cells or wires in module \int8_matmul..

6.16.7. Executing MEMORY_SHARE pass (consolidating $memrd/$memwr cells).
Consolidating read ports of memory int8_matmul.a_matrix by address:
  Merging ports 0, 1 (address 6'111111).
  Merging ports 0, 2 (address 6'111110).
  Merging ports 0, 3 (address 6'111100).
  Merging ports 0, 4 (address 6'111100).
  Merging ports 0, 5 (address 6'111000).
  Merging ports 0, 6 (address 6'111000).
  Merging ports 0, 7 (address 6'111000).
  Merging ports 0, 8 (address 6'111000).
  Merging ports 0, 9 (address 6'110000).
  Merging ports 0, 10 (address 6'110000).
  Merging ports 0, 11 (address 6'110000).
  Merging ports 0, 12 (address 6'110000).
  Merging ports 0, 13 (address 6'110000).
  Merging ports 0, 14 (address 6'110000).
  Merging ports 0, 15 (address 6'110000).
  Merging ports 0, 16 (address 6'110000).
  Merging ports 0, 17 (address 6'100000).
  Merging ports 0, 18 (address 6'100000).
  Merging ports 0, 19 (address 6'100000).
  Merging ports 0, 20 (address 6'100000).
  Merging ports 0, 21 (address 6'100000).
  Merging ports 0, 22 (address 6'100000).
  Merging ports 0, 23 (address 6'100000).
  Merging ports 0, 24 (address 6'100000).
  Merging ports 0, 25 (address 6'100000).
  Merging ports 0, 26 (address 6'100000).
  Merging ports 0, 27 (address 6'100000).
  Merging ports 0, 28 (address 6'100000).
  Merging ports 0, 29 (address 6'100000).
  Merging ports 0, 30 (address 6'100000).
  Merging ports 0, 31 (address 6'100000).
  Merging ports 0, 32 (address 6'100000).
  Merging ports 34, 35 (address 6'011101).
  Merging ports 36, 37 (address 6'011011).
  Merging ports 36, 38 (address 6'011010).
  Merging ports 36, 39 (address 6'011000).
  Merging ports 40, 41 (address 6'010111).
  Merging ports 40, 42 (address 6'010110).
  Merging ports 40, 43 (address 6'010100).
  Merging ports 40, 44 (address 6'010100).
  Merging ports 40, 45 (address 6'010000).
  Merging ports 40, 46 (address 6'010000).
  Merging ports 40, 47 (address 6'010000).
  Merging ports 48, 49 (address 6'001111).
  Merging ports 48, 50 (address 6'001110).
  Merging ports 48, 51 (address 6'001100).
  Merging ports 48, 52 (address 6'001100).
  Merging ports 48, 53 (address 6'001000).
  Merging ports 48, 54 (address 6'001000).
  Merging ports 48, 55 (address 6'001000).
  Merging ports 48, 56 (address 6'001000).
  Merging ports 48, 57 (address 6'000000).
  Merging ports 48, 58 (address 6'000000).
  Merging ports 48, 59 (address 6'000000).
  Merging ports 48, 60 (address 6'000000).
  Merging ports 48, 61 (address 6'000000).
  Merging ports 48, 62 (address 6'000000).
  Merging ports 48, 63 (address 6'000000).
Consolidating read ports of memory int8_matmul.a_matrix by address:
  Merging ports 1, 2 (address 6'011110).
  Merging ports 1, 3 (address 6'011100).
  Merging ports 1, 4 (address 6'011000).
  Merging ports 1, 5 (address 6'010000).
Consolidating read ports of memory int8_matmul.a_matrix by address:
Consolidating read ports of memory int8_matmul.b_matrix by address:
  Merging ports 0, 1 (address 6'111111).
  Merging ports 0, 2 (address 6'111110).
  Merging ports 0, 3 (address 6'111100).
  Merging ports 0, 4 (address 6'111100).
  Merging ports 0, 5 (address 6'111000).
  Merging ports 0, 6 (address 6'111000).
  Merging ports 0, 7 (address 6'111000).
  Merging ports 0, 8 (address 6'111000).
  Merging ports 0, 9 (address 6'110000).
  Merging ports 0, 10 (address 6'110000).
  Merging ports 0, 11 (address 6'110000).
  Merging ports 0, 12 (address 6'110000).
  Merging ports 0, 13 (address 6'110000).
  Merging ports 0, 14 (address 6'110000).
  Merging ports 0, 15 (address 6'110000).
  Merging ports 0, 16 (address 6'110000).
  Merging ports 0, 17 (address 6'100000).
  Merging ports 0, 18 (address 6'100000).
  Merging ports 0, 19 (address 6'100000).
  Merging ports 0, 20 (address 6'100000).
  Merging ports 0, 21 (address 6'100000).
  Merging ports 0, 22 (address 6'100000).
  Merging ports 0, 23 (address 6'100000).
  Merging ports 0, 24 (address 6'100000).
  Merging ports 0, 25 (address 6'100000).
  Merging ports 0, 26 (address 6'100000).
  Merging ports 0, 27 (address 6'100000).
  Merging ports 0, 28 (address 6'100000).
  Merging ports 0, 29 (address 6'100000).
  Merging ports 0, 30 (address 6'100000).
  Merging ports 0, 31 (address 6'100000).
  Merging ports 0, 32 (address 6'100000).
  Merging ports 34, 35 (address 6'011101).
  Merging ports 36, 37 (address 6'011011).
  Merging ports 36, 38 (address 6'011010).
  Merging ports 36, 39 (address 6'011000).
  Merging ports 40, 41 (address 6'010111).
  Merging ports 40, 42 (address 6'010110).
  Merging ports 40, 43 (address 6'010100).
  Merging ports 40, 44 (address 6'010100).
  Merging ports 40, 45 (address 6'010000).
  Merging ports 40, 46 (address 6'010000).
  Merging ports 40, 47 (address 6'010000).
  Merging ports 48, 49 (address 6'001111).
  Merging ports 48, 50 (address 6'001110).
  Merging ports 48, 51 (address 6'001100).
  Merging ports 48, 52 (address 6'001100).
  Merging ports 48, 53 (address 6'001000).
  Merging ports 48, 54 (address 6'001000).
  Merging ports 48, 55 (address 6'001000).
  Merging ports 48, 56 (address 6'001000).
  Merging ports 48, 57 (address 6'000000).
  Merging ports 48, 58 (address 6'000000).
  Merging ports 48, 59 (address 6'000000).
  Merging ports 48, 60 (address 6'000000).
  Merging ports 48, 61 (address 6'000000).
  Merging ports 48, 62 (address 6'000000).
  Merging ports 48, 63 (address 6'000000).
Consolidating read ports of memory int8_matmul.b_matrix by address:
  Merging ports 1, 2 (address 6'011110).
  Merging ports 1, 3 (address 6'011100).
  Merging ports 1, 4 (address 6'011000).
  Merging ports 1, 5 (address 6'010000).
Consolidating read ports of memory int8_matmul.b_matrix by address:

6.16.8. Executing OPT_MEM_WIDEN pass (optimize memories where all ports are wide).
Performed a total of 0 transformations.

6.16.9. Executing OPT_CLEAN pass (remove unused cells and wires).
Finding unused cells or wires in module \int8_matmul..
Removed 0 unused cells and 120 unused wires.
<suppressed ~1 debug messages>

6.16.10. Executing MEMORY_COLLECT pass (generating $mem cells).

6.17. Executing OPT_CLEAN pass (remove unused cells and wires).
Finding unused cells or wires in module \int8_matmul..

6.18. Executing OPT pass (performing simple optimizations).

6.18.1. Executing OPT_EXPR pass (perform const folding).
Optimizing module int8_matmul.
<suppressed ~32 debug messages>

6.18.2. Executing OPT_MERGE pass (detect identical cells).
Finding identical cells in module `\int8_matmul'.
Removed a total of 0 cells.

6.18.3. Executing OPT_DFF pass (perform DFF optimizations).

6.18.4. Executing OPT_CLEAN pass (remove unused cells and wires).
Finding unused cells or wires in module \int8_matmul..
Removed 1 unused cells and 31 unused wires.
<suppressed ~4 debug messages>

6.18.5. Finished fast OPT passes.

6.19. Executing MEMORY_MAP pass (converting memories to logic and flip-flops).
Mapping memory \a_matrix in module \int8_matmul:
  created 64 $dff cells and 0 static cells of width 8.
  read interface: 0 $dff and 1 $mux cells.
  write interface: 64 write mux blocks.
Mapping memory \b_matrix in module \int8_matmul:
  created 64 $dff cells and 0 static cells of width 8.
  read interface: 0 $dff and 1 $mux cells.
  write interface: 64 write mux blocks.

6.20. Executing OPT pass (performing simple optimizations).

6.20.1. Executing OPT_EXPR pass (perform const folding).
Optimizing module int8_matmul.
<suppressed ~14 debug messages>

6.20.2. Executing OPT_MERGE pass (detect identical cells).
Finding identical cells in module `\int8_matmul'.
<suppressed ~3 debug messages>
Removed a total of 1 cells.

6.20.3. Executing OPT_MUXTREE pass (detect dead branches in mux trees).
Running muxtree optimizer on module \int8_matmul..
  Creating internal representation of mux trees.
  Evaluating internal representation of mux trees.
  Analyzing evaluation results.
Removed 0 multiplexer ports.
<suppressed ~133 debug messages>

6.20.4. Executing OPT_REDUCE pass (consolidate $*mux and $reduce_* inputs).
  Optimizing cells in module \int8_matmul.
    New ctrl vector for $pmux cell $flatten\u_controller.$procmux$1503: $flatten\u_controller.$eq$rtl/matmul_controller.sv:274$623_Y
    New ctrl vector for $pmux cell $flatten\u_controller.$procmux$1517: { $flatten\u_controller.$eq$rtl/matmul_controller.sv:245$611_Y $auto$opt_reduce.cc:137:opt_pmux$3336 }
    New ctrl vector for $pmux cell $flatten\u_controller.$procmux$1540: \mac_enable
  Optimizing cells in module \int8_matmul.
Performed a total of 3 changes.

6.20.5. Executing OPT_MERGE pass (detect identical cells).
Finding identical cells in module `\int8_matmul'.
Removed a total of 0 cells.

6.20.6. Executing OPT_SHARE pass.

6.20.7. Executing OPT_DFF pass (perform DFF optimizations).

6.20.8. Executing OPT_CLEAN pass (remove unused cells and wires).
Finding unused cells or wires in module \int8_matmul..
Removed 0 unused cells and 143 unused wires.
<suppressed ~1 debug messages>

6.20.9. Executing OPT_EXPR pass (perform const folding).
Optimizing module int8_matmul.

6.20.10. Rerunning OPT passes. (Maybe there is more to do..)

6.20.11. Executing OPT_MUXTREE pass (detect dead branches in mux trees).
Running muxtree optimizer on module \int8_matmul..
  Creating internal representation of mux trees.
  Evaluating internal representation of mux trees.
  Analyzing evaluation results.
Removed 0 multiplexer ports.
<suppressed ~133 debug messages>

6.20.12. Executing OPT_REDUCE pass (consolidate $*mux and $reduce_* inputs).
  Optimizing cells in module \int8_matmul.
Performed a total of 0 changes.

6.20.13. Executing OPT_MERGE pass (detect identical cells).
Finding identical cells in module `\int8_matmul'.
Removed a total of 0 cells.

6.20.14. Executing OPT_SHARE pass.

6.20.15. Executing OPT_DFF pass (perform DFF optimizations).
Adding EN signal on $memory\b_matrix[9]$2966 ($dff) from module int8_matmul (D = \data_in, Q = \b_matrix[9]).
Adding EN signal on $memory\b_matrix[8]$2964 ($dff) from module int8_matmul (D = \data_in, Q = \b_matrix[8]).
Adding EN signal on $memory\b_matrix[7]$2962 ($dff) from module int8_matmul (D = \data_in, Q = \b_matrix[7]).
Adding EN signal on $memory\b_matrix[6]$2960 ($dff) from module int8_matmul (D = \data_in, Q = \b_matrix[6]).
Adding EN signal on $memory\b_matrix[63]$3074 ($dff) from module int8_matmul (D = \data_in, Q = \b_matrix[63]).
Adding EN signal on $memory\b_matrix[62]$3072 ($dff) from module int8_matmul (D = \data_in, Q = \b_matrix[62]).
Adding EN signal on $memory\b_matrix[61]$3070 ($dff) from module int8_matmul (D = \data_in, Q = \b_matrix[61]).
Adding EN signal on $memory\b_matrix[60]$3068 ($dff) from module int8_matmul (D = \data_in, Q = \b_matrix[60]).
Adding EN signal on $memory\b_matrix[5]$2958 ($dff) from module int8_matmul (D = \data_in, Q = \b_matrix[5]).
Adding EN signal on $memory\b_matrix[59]$3066 ($dff) from module int8_matmul (D = \data_in, Q = \b_matrix[59]).
Adding EN signal on $memory\b_matrix[58]$3064 ($dff) from module int8_matmul (D = \data_in, Q = \b_matrix[58]).
Adding EN signal on $memory\b_matrix[57]$3062 ($dff) from module int8_matmul (D = \data_in, Q = \b_matrix[57]).
Adding EN signal on $memory\b_matrix[56]$3060 ($dff) from module int8_matmul (D = \data_in, Q = \b_matrix[56]).
Adding EN signal on $memory\b_matrix[55]$3058 ($dff) from module int8_matmul (D = \data_in, Q = \b_matrix[55]).
Adding EN signal on $memory\b_matrix[54]$3056 ($dff) from module int8_matmul (D = \data_in, Q = \b_matrix[54]).
Adding EN signal on $memory\b_matrix[53]$3054 ($dff) from module int8_matmul (D = \data_in, Q = \b_matrix[53]).
Adding EN signal on $memory\b_matrix[52]$3052 ($dff) from module int8_matmul (D = \data_in, Q = \b_matrix[52]).
Adding EN signal on $memory\b_matrix[51]$3050 ($dff) from module int8_matmul (D = \data_in, Q = \b_matrix[51]).
Adding EN signal on $memory\b_matrix[50]$3048 ($dff) from module int8_matmul (D = \data_in, Q = \b_matrix[50]).
Adding EN signal on $memory\b_matrix[4]$2956 ($dff) from module int8_matmul (D = \data_in, Q = \b_matrix[4]).
Adding EN signal on $memory\b_matrix[49]$3046 ($dff) from module int8_matmul (D = \data_in, Q = \b_matrix[49]).
Adding EN signal on $memory\b_matrix[48]$3044 ($dff) from module int8_matmul (D = \data_in, Q = \b_matrix[48]).
Adding EN signal on $memory\b_matrix[47]$3042 ($dff) from module int8_matmul (D = \data_in, Q = \b_matrix[47]).
Adding EN signal on $memory\b_matrix[46]$3040 ($dff) from module int8_matmul (D = \data_in, Q = \b_matrix[46]).
Adding EN signal on $memory\b_matrix[45]$3038 ($dff) from module int8_matmul (D = \data_in, Q = \b_matrix[45]).
Adding EN signal on $memory\b_matrix[44]$3036 ($dff) from module int8_matmul (D = \data_in, Q = \b_matrix[44]).
Adding EN signal on $memory\b_matrix[43]$3034 ($dff) from module int8_matmul (D = \data_in, Q = \b_matrix[43]).
Adding EN signal on $memory\b_matrix[42]$3032 ($dff) from module int8_matmul (D = \data_in, Q = \b_matrix[42]).
Adding EN signal on $memory\b_matrix[41]$3030 ($dff) from module int8_matmul (D = \data_in, Q = \b_matrix[41]).
Adding EN signal on $memory\b_matrix[40]$3028 ($dff) from module int8_matmul (D = \data_in, Q = \b_matrix[40]).
Adding EN signal on $memory\b_matrix[3]$2954 ($dff) from module int8_matmul (D = \data_in, Q = \b_matrix[3]).
Adding EN signal on $memory\b_matrix[39]$3026 ($dff) from module int8_matmul (D = \data_in, Q = \b_matrix[39]).
Adding EN signal on $memory\b_matrix[38]$3024 ($dff) from module int8_matmul (D = \data_in, Q = \b_matrix[38]).
Adding EN signal on $memory\b_matrix[37]$3022 ($dff) from module int8_matmul (D = \data_in, Q = \b_matrix[37]).
Adding EN signal on $memory\b_matrix[36]$3020 ($dff) from module int8_matmul (D = \data_in, Q = \b_matrix[36]).
Adding EN signal on $memory\b_matrix[35]$3018 ($dff) from module int8_matmul (D = \data_in, Q = \b_matrix[35]).
Adding EN signal on $memory\b_matrix[34]$3016 ($dff) from module int8_matmul (D = \data_in, Q = \b_matrix[34]).
Adding EN signal on $memory\b_matrix[33]$3014 ($dff) from module int8_matmul (D = \data_in, Q = \b_matrix[33]).
Adding EN signal on $memory\b_matrix[32]$3012 ($dff) from module int8_matmul (D = \data_in, Q = \b_matrix[32]).
Adding EN signal on $memory\b_matrix[31]$3010 ($dff) from module int8_matmul (D = \data_in, Q = \b_matrix[31]).
Adding EN signal on $memory\b_matrix[30]$3008 ($dff) from module int8_matmul (D = \data_in, Q = \b_matrix[30]).
Adding EN signal on $memory\b_matrix[2]$2952 ($dff) from module int8_matmul (D = \data_in, Q = \b_matrix[2]).
Adding EN signal on $memory\b_matrix[29]$3006 ($dff) from module int8_matmul (D = \data_in, Q = \b_matrix[29]).
Adding EN signal on $memory\b_matrix[28]$3004 ($dff) from module int8_matmul (D = \data_in, Q = \b_matrix[28]).
Adding EN signal on $memory\b_matrix[27]$3002 ($dff) from module int8_matmul (D = \data_in, Q = \b_matrix[27]).
Adding EN signal on $memory\b_matrix[26]$3000 ($dff) from module int8_matmul (D = \data_in, Q = \b_matrix[26]).
Adding EN signal on $memory\b_matrix[25]$2998 ($dff) from module int8_matmul (D = \data_in, Q = \b_matrix[25]).
Adding EN signal on $memory\b_matrix[24]$2996 ($dff) from module int8_matmul (D = \data_in, Q = \b_matrix[24]).
Adding EN signal on $memory\b_matrix[23]$2994 ($dff) from module int8_matmul (D = \data_in, Q = \b_matrix[23]).
Adding EN signal on $memory\b_matrix[22]$2992 ($dff) from module int8_matmul (D = \data_in, Q = \b_matrix[22]).
Adding EN signal on $memory\b_matrix[21]$2990 ($dff) from module int8_matmul (D = \data_in, Q = \b_matrix[21]).
Adding EN signal on $memory\b_matrix[20]$2988 ($dff) from module int8_matmul (D = \data_in, Q = \b_matrix[20]).
Adding EN signal on $memory\b_matrix[1]$2950 ($dff) from module int8_matmul (D = \data_in, Q = \b_matrix[1]).
Adding EN signal on $memory\b_matrix[19]$2986 ($dff) from module int8_matmul (D = \data_in, Q = \b_matrix[19]).
Adding EN signal on $memory\b_matrix[18]$2984 ($dff) from module int8_matmul (D = \data_in, Q = \b_matrix[18]).
Adding EN signal on $memory\b_matrix[17]$2982 ($dff) from module int8_matmul (D = \data_in, Q = \b_matrix[17]).
Adding EN signal on $memory\b_matrix[16]$2980 ($dff) from module int8_matmul (D = \data_in, Q = \b_matrix[16]).
Adding EN signal on $memory\b_matrix[15]$2978 ($dff) from module int8_matmul (D = \data_in, Q = \b_matrix[15]).
Adding EN signal on $memory\b_matrix[14]$2976 ($dff) from module int8_matmul (D = \data_in, Q = \b_matrix[14]).
Adding EN signal on $memory\b_matrix[13]$2974 ($dff) from module int8_matmul (D = \data_in, Q = \b_matrix[13]).
Adding EN signal on $memory\b_matrix[12]$2972 ($dff) from module int8_matmul (D = \data_in, Q = \b_matrix[12]).
Adding EN signal on $memory\b_matrix[11]$2970 ($dff) from module int8_matmul (D = \data_in, Q = \b_matrix[11]).
Adding EN signal on $memory\b_matrix[10]$2968 ($dff) from module int8_matmul (D = \data_in, Q = \b_matrix[10]).
Adding EN signal on $memory\b_matrix[0]$2948 ($dff) from module int8_matmul (D = \data_in, Q = \b_matrix[0]).
Adding EN signal on $memory\a_matrix[9]$2379 ($dff) from module int8_matmul (D = \data_in, Q = \a_matrix[9]).
Adding EN signal on $memory\a_matrix[8]$2377 ($dff) from module int8_matmul (D = \data_in, Q = \a_matrix[8]).
Adding EN signal on $memory\a_matrix[7]$2375 ($dff) from module int8_matmul (D = \data_in, Q = \a_matrix[7]).
Adding EN signal on $memory\a_matrix[6]$2373 ($dff) from module int8_matmul (D = \data_in, Q = \a_matrix[6]).
Adding EN signal on $memory\a_matrix[63]$2487 ($dff) from module int8_matmul (D = \data_in, Q = \a_matrix[63]).
Adding EN signal on $memory\a_matrix[62]$2485 ($dff) from module int8_matmul (D = \data_in, Q = \a_matrix[62]).
Adding EN signal on $memory\a_matrix[61]$2483 ($dff) from module int8_matmul (D = \data_in, Q = \a_matrix[61]).
Adding EN signal on $memory\a_matrix[60]$2481 ($dff) from module int8_matmul (D = \data_in, Q = \a_matrix[60]).
Adding EN signal on $memory\a_matrix[5]$2371 ($dff) from module int8_matmul (D = \data_in, Q = \a_matrix[5]).
Adding EN signal on $memory\a_matrix[59]$2479 ($dff) from module int8_matmul (D = \data_in, Q = \a_matrix[59]).
Adding EN signal on $memory\a_matrix[58]$2477 ($dff) from module int8_matmul (D = \data_in, Q = \a_matrix[58]).
Adding EN signal on $memory\a_matrix[57]$2475 ($dff) from module int8_matmul (D = \data_in, Q = \a_matrix[57]).
Adding EN signal on $memory\a_matrix[56]$2473 ($dff) from module int8_matmul (D = \data_in, Q = \a_matrix[56]).
Adding EN signal on $memory\a_matrix[55]$2471 ($dff) from module int8_matmul (D = \data_in, Q = \a_matrix[55]).
Adding EN signal on $memory\a_matrix[54]$2469 ($dff) from module int8_matmul (D = \data_in, Q = \a_matrix[54]).
Adding EN signal on $memory\a_matrix[53]$2467 ($dff) from module int8_matmul (D = \data_in, Q = \a_matrix[53]).
Adding EN signal on $memory\a_matrix[52]$2465 ($dff) from module int8_matmul (D = \data_in, Q = \a_matrix[52]).
Adding EN signal on $memory\a_matrix[51]$2463 ($dff) from module int8_matmul (D = \data_in, Q = \a_matrix[51]).
Adding EN signal on $memory\a_matrix[50]$2461 ($dff) from module int8_matmul (D = \data_in, Q = \a_matrix[50]).
Adding EN signal on $memory\a_matrix[4]$2369 ($dff) from module int8_matmul (D = \data_in, Q = \a_matrix[4]).
Adding EN signal on $memory\a_matrix[49]$2459 ($dff) from module int8_matmul (D = \data_in, Q = \a_matrix[49]).
Adding EN signal on $memory\a_matrix[48]$2457 ($dff) from module int8_matmul (D = \data_in, Q = \a_matrix[48]).
Adding EN signal on $memory\a_matrix[47]$2455 ($dff) from module int8_matmul (D = \data_in, Q = \a_matrix[47]).
Adding EN signal on $memory\a_matrix[46]$2453 ($dff) from module int8_matmul (D = \data_in, Q = \a_matrix[46]).
Adding EN signal on $memory\a_matrix[45]$2451 ($dff) from module int8_matmul (D = \data_in, Q = \a_matrix[45]).
Adding EN signal on $memory\a_matrix[44]$2449 ($dff) from module int8_matmul (D = \data_in, Q = \a_matrix[44]).
Adding EN signal on $memory\a_matrix[43]$2447 ($dff) from module int8_matmul (D = \data_in, Q = \a_matrix[43]).
Adding EN signal on $memory\a_matrix[42]$2445 ($dff) from module int8_matmul (D = \data_in, Q = \a_matrix[42]).
Adding EN signal on $memory\a_matrix[41]$2443 ($dff) from module int8_matmul (D = \data_in, Q = \a_matrix[41]).
Adding EN signal on $memory\a_matrix[40]$2441 ($dff) from module int8_matmul (D = \data_in, Q = \a_matrix[40]).
Adding EN signal on $memory\a_matrix[3]$2367 ($dff) from module int8_matmul (D = \data_in, Q = \a_matrix[3]).
Adding EN signal on $memory\a_matrix[39]$2439 ($dff) from module int8_matmul (D = \data_in, Q = \a_matrix[39]).
Adding EN signal on $memory\a_matrix[38]$2437 ($dff) from module int8_matmul (D = \data_in, Q = \a_matrix[38]).
Adding EN signal on $memory\a_matrix[37]$2435 ($dff) from module int8_matmul (D = \data_in, Q = \a_matrix[37]).
Adding EN signal on $memory\a_matrix[36]$2433 ($dff) from module int8_matmul (D = \data_in, Q = \a_matrix[36]).
Adding EN signal on $memory\a_matrix[35]$2431 ($dff) from module int8_matmul (D = \data_in, Q = \a_matrix[35]).
Adding EN signal on $memory\a_matrix[34]$2429 ($dff) from module int8_matmul (D = \data_in, Q = \a_matrix[34]).
Adding EN signal on $memory\a_matrix[33]$2427 ($dff) from module int8_matmul (D = \data_in, Q = \a_matrix[33]).
Adding EN signal on $memory\a_matrix[32]$2425 ($dff) from module int8_matmul (D = \data_in, Q = \a_matrix[32]).
Adding EN signal on $memory\a_matrix[31]$2423 ($dff) from module int8_matmul (D = \data_in, Q = \a_matrix[31]).
Adding EN signal on $memory\a_matrix[30]$2421 ($dff) from module int8_matmul (D = \data_in, Q = \a_matrix[30]).
Adding EN signal on $memory\a_matrix[2]$2365 ($dff) from module int8_matmul (D = \data_in, Q = \a_matrix[2]).
Adding EN signal on $memory\a_matrix[29]$2419 ($dff) from module int8_matmul (D = \data_in, Q = \a_matrix[29]).
Adding EN signal on $memory\a_matrix[28]$2417 ($dff) from module int8_matmul (D = \data_in, Q = \a_matrix[28]).
Adding EN signal on $memory\a_matrix[27]$2415 ($dff) from module int8_matmul (D = \data_in, Q = \a_matrix[27]).
Adding EN signal on $memory\a_matrix[26]$2413 ($dff) from module int8_matmul (D = \data_in, Q = \a_matrix[26]).
Adding EN signal on $memory\a_matrix[25]$2411 ($dff) from module int8_matmul (D = \data_in, Q = \a_matrix[25]).
Adding EN signal on $memory\a_matrix[24]$2409 ($dff) from module int8_matmul (D = \data_in, Q = \a_matrix[24]).
Adding EN signal on $memory\a_matrix[23]$2407 ($dff) from module int8_matmul (D = \data_in, Q = \a_matrix[23]).
Adding EN signal on $memory\a_matrix[22]$2405 ($dff) from module int8_matmul (D = \data_in, Q = \a_matrix[22]).
Adding EN signal on $memory\a_matrix[21]$2403 ($dff) from module int8_matmul (D = \data_in, Q = \a_matrix[21]).
Adding EN signal on $memory\a_matrix[20]$2401 ($dff) from module int8_matmul (D = \data_in, Q = \a_matrix[20]).
Adding EN signal on $memory\a_matrix[1]$2363 ($dff) from module int8_matmul (D = \data_in, Q = \a_matrix[1]).
Adding EN signal on $memory\a_matrix[19]$2399 ($dff) from module int8_matmul (D = \data_in, Q = \a_matrix[19]).
Adding EN signal on $memory\a_matrix[18]$2397 ($dff) from module int8_matmul (D = \data_in, Q = \a_matrix[18]).
Adding EN signal on $memory\a_matrix[17]$2395 ($dff) from module int8_matmul (D = \data_in, Q = \a_matrix[17]).
Adding EN signal on $memory\a_matrix[16]$2393 ($dff) from module int8_matmul (D = \data_in, Q = \a_matrix[16]).
Adding EN signal on $memory\a_matrix[15]$2391 ($dff) from module int8_matmul (D = \data_in, Q = \a_matrix[15]).
Adding EN signal on $memory\a_matrix[14]$2389 ($dff) from module int8_matmul (D = \data_in, Q = \a_matrix[14]).
Adding EN signal on $memory\a_matrix[13]$2387 ($dff) from module int8_matmul (D = \data_in, Q = \a_matrix[13]).
Adding EN signal on $memory\a_matrix[12]$2385 ($dff) from module int8_matmul (D = \data_in, Q = \a_matrix[12]).
Adding EN signal on $memory\a_matrix[11]$2383 ($dff) from module int8_matmul (D = \data_in, Q = \a_matrix[11]).
Adding EN signal on $memory\a_matrix[10]$2381 ($dff) from module int8_matmul (D = \data_in, Q = \a_matrix[10]).
Adding EN signal on $memory\a_matrix[0]$2361 ($dff) from module int8_matmul (D = \data_in, Q = \a_matrix[0]).

6.20.16. Executing OPT_CLEAN pass (remove unused cells and wires).
Finding unused cells or wires in module \int8_matmul..
Removed 128 unused cells and 128 unused wires.
<suppressed ~129 debug messages>

6.20.17. Executing OPT_EXPR pass (perform const folding).
Optimizing module int8_matmul.

6.20.18. Rerunning OPT passes. (Maybe there is more to do..)

6.20.19. Executing OPT_MUXTREE pass (detect dead branches in mux trees).
Running muxtree optimizer on module \int8_matmul..
  Creating internal representation of mux trees.
  Evaluating internal representation of mux trees.
  Analyzing evaluation results.
Removed 0 multiplexer ports.
<suppressed ~5 debug messages>

6.20.20. Executing OPT_REDUCE pass (consolidate $*mux and $reduce_* inputs).
  Optimizing cells in module \int8_matmul.
Performed a total of 0 changes.

6.20.21. Executing OPT_MERGE pass (detect identical cells).
Finding identical cells in module `\int8_matmul'.
Removed a total of 0 cells.

6.20.22. Executing OPT_SHARE pass.

6.20.23. Executing OPT_DFF pass (perform DFF optimizations).

6.20.24. Executing OPT_CLEAN pass (remove unused cells and wires).
Finding unused cells or wires in module \int8_matmul..

6.20.25. Executing OPT_EXPR pass (perform const folding).
Optimizing module int8_matmul.

6.20.26. Finished OPT passes. (There is nothing left to do.)

6.21. Executing TECHMAP pass (map to technology primitives).

6.21.1. Executing Verilog-2005 frontend: /usr/bin/../share/yosys/techmap.v
Parsing Verilog input from `/usr/bin/../share/yosys/techmap.v' to AST representation.
Generating RTLIL representation for module `\_90_simplemap_bool_ops'.
Generating RTLIL representation for module `\_90_simplemap_reduce_ops'.
Generating RTLIL representation for module `\_90_simplemap_logic_ops'.
Generating RTLIL representation for module `\_90_simplemap_compare_ops'.
Generating RTLIL representation for module `\_90_simplemap_various'.
Generating RTLIL representation for module `\_90_simplemap_registers'.
Generating RTLIL representation for module `\_90_shift_ops_shr_shl_sshl_sshr'.
Generating RTLIL representation for module `\_90_shift_shiftx'.
Generating RTLIL representation for module `\_90_fa'.
Generating RTLIL representation for module `\_90_lcu_brent_kung'.
Generating RTLIL representation for module `\_90_alu'.
Generating RTLIL representation for module `\_90_macc'.
Generating RTLIL representation for module `\_90_alumacc'.
Generating RTLIL representation for module `\$__div_mod_u'.
Generating RTLIL representation for module `\$__div_mod_trunc'.
Generating RTLIL representation for module `\_90_div'.
Generating RTLIL representation for module `\_90_mod'.
Generating RTLIL representation for module `\$__div_mod_floor'.
Generating RTLIL representation for module `\_90_divfloor'.
Generating RTLIL representation for module `\_90_modfloor'.
Generating RTLIL representation for module `\_90_pow'.
Generating RTLIL representation for module `\_90_pmux'.
Generating RTLIL representation for module `\_90_demux'.
Generating RTLIL representation for module `\_90_lut'.
Successfully finished Verilog frontend.

6.21.2. Continuing TECHMAP pass.
Using template $paramod$247fb97b2f170261206910b4c0d24484a0bd6faa\_90_pmux for cells of type $pmux.
Using extmapper simplemap for cells of type $reduce_or.
Using extmapper simplemap for cells of type $eq.
Using extmapper simplemap for cells of type $dffe.
Using extmapper simplemap for cells of type $mux.
Using extmapper simplemap for cells of type $sdff.
Using template $paramod$32efbfac1c4dc57230cf86180788fdfd12e3b511\_90_alu for cells of type $alu.
Using extmapper simplemap for cells of type $not.
Using extmapper simplemap for cells of type $and.
Using extmapper simplemap for cells of type $reduce_and.
Using extmapper simplemap for cells of type $ne.
Using extmapper simplemap for cells of type $reduce_bool.
Using extmapper simplemap for cells of type $sdffe.
Using template $paramod$56f7ce6d87f8add68ca646dc02d7695a3189f8e5\_90_pmux for cells of type $pmux.
Using template $paramod$ed0bb9616228df1e6c226f91f8133e751815f1b1\_90_pmux for cells of type $pmux.
Using extmapper simplemap for cells of type $logic_and.
Using extmapper simplemap for cells of type $logic_not.
Using extmapper simplemap for cells of type $logic_or.
Using template $paramod$3ef7d3dd227da7627a99c5e5a6a4deb817573e39\_90_alu for cells of type $alu.
Using extmapper maccmap for cells of type $macc_v2.
  add \u_mac_array.gen_row[3].gen_col[0].u_mac_pe.a_in * \u_mac_array.gen_row[0].gen_col[5].u_mac_pe.b_in (8x8 bits, signed)
  add \u_mac_array.gen_row[3].gen_col[5].u_mac_pe.acc_out (18 bits, signed)
  add \u_mac_array.gen_row[0].gen_col[0].u_mac_pe.a_in * \u_mac_array.gen_row[0].gen_col[1].u_mac_pe.b_in (8x8 bits, signed)
  add \u_mac_array.gen_row[0].gen_col[1].u_mac_pe.acc_out (18 bits, signed)
  add \u_mac_array.gen_row[0].gen_col[0].u_mac_pe.a_in * \u_mac_array.gen_row[0].gen_col[3].u_mac_pe.b_in (8x8 bits, signed)
  add \u_mac_array.gen_row[0].gen_col[3].u_mac_pe.acc_out (18 bits, signed)
  add \u_mac_array.gen_row[0].gen_col[0].u_mac_pe.a_in * \u_mac_array.gen_row[0].gen_col[5].u_mac_pe.b_in (8x8 bits, signed)
  add \u_mac_array.gen_row[0].gen_col[5].u_mac_pe.acc_out (18 bits, signed)
  add \u_mac_array.gen_row[0].gen_col[0].u_mac_pe.a_in * \u_mac_array.gen_row[0].gen_col[7].u_mac_pe.b_in (8x8 bits, signed)
  add \u_mac_array.gen_row[0].gen_col[7].u_mac_pe.acc_out (18 bits, signed)
  add \u_mac_array.gen_row[1].gen_col[0].u_mac_pe.a_in * \u_mac_array.gen_row[0].gen_col[1].u_mac_pe.b_in (8x8 bits, signed)
  add \u_mac_array.gen_row[1].gen_col[1].u_mac_pe.acc_out (18 bits, signed)
  add \u_mac_array.gen_row[1].gen_col[0].u_mac_pe.a_in * \u_mac_array.gen_row[0].gen_col[3].u_mac_pe.b_in (8x8 bits, signed)
  add \u_mac_array.gen_row[1].gen_col[3].u_mac_pe.acc_out (18 bits, signed)
  add \u_mac_array.gen_row[1].gen_col[0].u_mac_pe.a_in * \u_mac_array.gen_row[0].gen_col[5].u_mac_pe.b_in (8x8 bits, signed)
  add \u_mac_array.gen_row[1].gen_col[5].u_mac_pe.acc_out (18 bits, signed)
  add \u_mac_array.gen_row[1].gen_col[0].u_mac_pe.a_in * \u_mac_array.gen_row[0].gen_col[7].u_mac_pe.b_in (8x8 bits, signed)
  add \u_mac_array.gen_row[1].gen_col[7].u_mac_pe.acc_out (18 bits, signed)
  add \u_mac_array.gen_row[2].gen_col[0].u_mac_pe.a_in * \u_mac_array.gen_row[0].gen_col[1].u_mac_pe.b_in (8x8 bits, signed)
  add \u_mac_array.gen_row[2].gen_col[1].u_mac_pe.acc_out (18 bits, signed)
  add \u_mac_array.gen_row[2].gen_col[0].u_mac_pe.a_in * \u_mac_array.gen_row[0].gen_col[3].u_mac_pe.b_in (8x8 bits, signed)
  add \u_mac_array.gen_row[2].gen_col[3].u_mac_pe.acc_out (18 bits, signed)
  add \u_mac_array.gen_row[2].gen_col[0].u_mac_pe.a_in * \u_mac_array.gen_row[0].gen_col[5].u_mac_pe.b_in (8x8 bits, signed)
  add \u_mac_array.gen_row[2].gen_col[5].u_mac_pe.acc_out (18 bits, signed)
  add \u_mac_array.gen_row[2].gen_col[0].u_mac_pe.a_in * \u_mac_array.gen_row[0].gen_col[7].u_mac_pe.b_in (8x8 bits, signed)
  add \u_mac_array.gen_row[2].gen_col[7].u_mac_pe.acc_out (18 bits, signed)
  add \u_mac_array.gen_row[3].gen_col[0].u_mac_pe.a_in * \u_mac_array.gen_row[0].gen_col[1].u_mac_pe.b_in (8x8 bits, signed)
  add \u_mac_array.gen_row[3].gen_col[1].u_mac_pe.acc_out (18 bits, signed)
  add \u_mac_array.gen_row[3].gen_col[0].u_mac_pe.a_in * \u_mac_array.gen_row[0].gen_col[3].u_mac_pe.b_in (8x8 bits, signed)
  add \u_mac_array.gen_row[3].gen_col[3].u_mac_pe.acc_out (18 bits, signed)
  add \u_mac_array.gen_row[3].gen_col[0].u_mac_pe.a_in * \u_mac_array.gen_row[0].gen_col[6].u_mac_pe.b_in (8x8 bits, signed)
  add \u_mac_array.gen_row[3].gen_col[6].u_mac_pe.acc_out (18 bits, signed)
  add \u_mac_array.gen_row[0].gen_col[0].u_mac_pe.a_in * \u_mac_array.gen_row[0].gen_col[6].u_mac_pe.b_in (8x8 bits, signed)
  add \u_mac_array.gen_row[0].gen_col[6].u_mac_pe.acc_out (18 bits, signed)
  add \u_mac_array.gen_row[1].gen_col[0].u_mac_pe.a_in * \u_mac_array.gen_row[0].gen_col[6].u_mac_pe.b_in (8x8 bits, signed)
  add \u_mac_array.gen_row[1].gen_col[6].u_mac_pe.acc_out (18 bits, signed)
  add \u_mac_array.gen_row[2].gen_col[0].u_mac_pe.a_in * \u_mac_array.gen_row[0].gen_col[6].u_mac_pe.b_in (8x8 bits, signed)
  add \u_mac_array.gen_row[2].gen_col[6].u_mac_pe.acc_out (18 bits, signed)
  add \u_mac_array.gen_row[3].gen_col[0].u_mac_pe.a_in * \u_mac_array.gen_row[0].gen_col[7].u_mac_pe.b_in (8x8 bits, signed)
  add \u_mac_array.gen_row[3].gen_col[7].u_mac_pe.acc_out (18 bits, signed)
  add \u_mac_array.gen_row[3].gen_col[0].u_mac_pe.a_in * \u_mac_array.gen_row[0].gen_col[2].u_mac_pe.b_in (8x8 bits, signed)
  add \u_mac_array.gen_row[3].gen_col[2].u_mac_pe.acc_out (18 bits, signed)
  add \u_mac_array.gen_row[1].gen_col[0].u_mac_pe.a_in * \u_mac_array.gen_row[0].gen_col[2].u_mac_pe.b_in (8x8 bits, signed)
  add \u_mac_array.gen_row[1].gen_col[2].u_mac_pe.acc_out (18 bits, signed)
  add \u_mac_array.gen_row[2].gen_col[0].u_mac_pe.a_in * \u_mac_array.gen_row[0].gen_col[2].u_mac_pe.b_in (8x8 bits, signed)
  add \u_mac_array.gen_row[2].gen_col[2].u_mac_pe.acc_out (18 bits, signed)
  add \u_mac_array.gen_row[0].gen_col[0].u_mac_pe.a_in * \u_mac_array.gen_row[0].gen_col[2].u_mac_pe.b_in (8x8 bits, signed)
  add \u_mac_array.gen_row[0].gen_col[2].u_mac_pe.acc_out (18 bits, signed)
  add \u_mac_array.gen_row[3].gen_col[0].u_mac_pe.a_in * \u_mac_array.gen_row[0].gen_col[4].u_mac_pe.b_in (8x8 bits, signed)
  add \u_mac_array.gen_row[3].gen_col[4].u_mac_pe.acc_out (18 bits, signed)
  add \u_mac_array.gen_row[3].gen_col[0].u_mac_pe.a_in * \u_mac_array.gen_row[0].gen_col[0].u_mac_pe.b_in (8x8 bits, signed)
  add \u_mac_array.gen_row[3].gen_col[0].u_mac_pe.acc_out (18 bits, signed)
  add \u_mac_array.gen_row[2].gen_col[0].u_mac_pe.a_in * \u_mac_array.gen_row[0].gen_col[4].u_mac_pe.b_in (8x8 bits, signed)
  add \u_mac_array.gen_row[2].gen_col[4].u_mac_pe.acc_out (18 bits, signed)
  add \u_mac_array.gen_row[2].gen_col[0].u_mac_pe.a_in * \u_mac_array.gen_row[0].gen_col[0].u_mac_pe.b_in (8x8 bits, signed)
  add \u_mac_array.gen_row[2].gen_col[0].u_mac_pe.acc_out (18 bits, signed)
  add \u_mac_array.gen_row[1].gen_col[0].u_mac_pe.a_in * \u_mac_array.gen_row[0].gen_col[4].u_mac_pe.b_in (8x8 bits, signed)
  add \u_mac_array.gen_row[1].gen_col[4].u_mac_pe.acc_out (18 bits, signed)
  add \u_mac_array.gen_row[1].gen_col[0].u_mac_pe.a_in * \u_mac_array.gen_row[0].gen_col[0].u_mac_pe.b_in (8x8 bits, signed)
  add \u_mac_array.gen_row[1].gen_col[0].u_mac_pe.acc_out (18 bits, signed)
  add \u_mac_array.gen_row[0].gen_col[0].u_mac_pe.a_in * \u_mac_array.gen_row[0].gen_col[4].u_mac_pe.b_in (8x8 bits, signed)
  add \u_mac_array.gen_row[0].gen_col[4].u_mac_pe.acc_out (18 bits, signed)
  add \u_mac_array.gen_row[0].gen_col[0].u_mac_pe.a_in * \u_mac_array.gen_row[0].gen_col[0].u_mac_pe.b_in (8x8 bits, signed)
  add \u_mac_array.gen_row[0].gen_col[0].u_mac_pe.acc_out (18 bits, signed)
  add \u_mac_array.gen_row[6].gen_col[0].u_mac_pe.a_in * \u_mac_array.gen_row[0].gen_col[0].u_mac_pe.b_in (8x8 bits, signed)
  add \u_mac_array.gen_row[6].gen_col[0].u_mac_pe.acc_out (18 bits, signed)
  add \u_mac_array.gen_row[5].gen_col[0].u_mac_pe.a_in * \u_mac_array.gen_row[0].gen_col[4].u_mac_pe.b_in (8x8 bits, signed)
  add \u_mac_array.gen_row[5].gen_col[4].u_mac_pe.acc_out (18 bits, signed)
  add \u_mac_array.gen_row[4].gen_col[0].u_mac_pe.a_in * \u_mac_array.gen_row[0].gen_col[7].u_mac_pe.b_in (8x8 bits, signed)
  add \u_mac_array.gen_row[4].gen_col[7].u_mac_pe.acc_out (18 bits, signed)
  add \u_mac_array.gen_row[6].gen_col[0].u_mac_pe.a_in * \u_mac_array.gen_row[0].gen_col[2].u_mac_pe.b_in (8x8 bits, signed)
  add \u_mac_array.gen_row[6].gen_col[2].u_mac_pe.acc_out (18 bits, signed)
  add \u_mac_array.gen_row[5].gen_col[0].u_mac_pe.a_in * \u_mac_array.gen_row[0].gen_col[3].u_mac_pe.b_in (8x8 bits, signed)
  add \u_mac_array.gen_row[5].gen_col[3].u_mac_pe.acc_out (18 bits, signed)
  add \u_mac_array.gen_row[6].gen_col[0].u_mac_pe.a_in * \u_mac_array.gen_row[0].gen_col[3].u_mac_pe.b_in (8x8 bits, signed)
  add \u_mac_array.gen_row[6].gen_col[3].u_mac_pe.acc_out (18 bits, signed)
  add \u_mac_array.gen_row[4].gen_col[0].u_mac_pe.a_in * \u_mac_array.gen_row[0].gen_col[6].u_mac_pe.b_in (8x8 bits, signed)
  add \u_mac_array.gen_row[4].gen_col[6].u_mac_pe.acc_out (18 bits, signed)
  add \u_mac_array.gen_row[6].gen_col[0].u_mac_pe.a_in * \u_mac_array.gen_row[0].gen_col[4].u_mac_pe.b_in (8x8 bits, signed)
  add \u_mac_array.gen_row[6].gen_col[4].u_mac_pe.acc_out (18 bits, signed)
  add \u_mac_array.gen_row[5].gen_col[0].u_mac_pe.a_in * \u_mac_array.gen_row[0].gen_col[5].u_mac_pe.b_in (8x8 bits, signed)
  add \u_mac_array.gen_row[5].gen_col[5].u_mac_pe.acc_out (18 bits, signed)
  add \u_mac_array.gen_row[6].gen_col[0].u_mac_pe.a_in * \u_mac_array.gen_row[0].gen_col[5].u_mac_pe.b_in (8x8 bits, signed)
  add \u_mac_array.gen_row[6].gen_col[5].u_mac_pe.acc_out (18 bits, signed)
  add \u_mac_array.gen_row[4].gen_col[0].u_mac_pe.a_in * \u_mac_array.gen_row[0].gen_col[5].u_mac_pe.b_in (8x8 bits, signed)
  add \u_mac_array.gen_row[4].gen_col[5].u_mac_pe.acc_out (18 bits, signed)
  add \u_mac_array.gen_row[6].gen_col[0].u_mac_pe.a_in * \u_mac_array.gen_row[0].gen_col[6].u_mac_pe.b_in (8x8 bits, signed)
  add \u_mac_array.gen_row[6].gen_col[6].u_mac_pe.acc_out (18 bits, signed)
  add \u_mac_array.gen_row[5].gen_col[0].u_mac_pe.a_in * \u_mac_array.gen_row[0].gen_col[1].u_mac_pe.b_in (8x8 bits, signed)
  add \u_mac_array.gen_row[5].gen_col[1].u_mac_pe.acc_out (18 bits, signed)
  add \u_mac_array.gen_row[6].gen_col[0].u_mac_pe.a_in * \u_mac_array.gen_row[0].gen_col[7].u_mac_pe.b_in (8x8 bits, signed)
  add \u_mac_array.gen_row[6].gen_col[7].u_mac_pe.acc_out (18 bits, signed)
  add \u_mac_array.gen_row[4].gen_col[0].u_mac_pe.a_in * \u_mac_array.gen_row[0].gen_col[4].u_mac_pe.b_in (8x8 bits, signed)
  add \u_mac_array.gen_row[4].gen_col[4].u_mac_pe.acc_out (18 bits, signed)
  add \u_mac_array.gen_row[7].gen_col[0].u_mac_pe.a_in * \u_mac_array.gen_row[0].gen_col[0].u_mac_pe.b_in (8x8 bits, signed)
  add \u_mac_array.gen_row[7].gen_col[0].u_mac_pe.acc_out (18 bits, signed)
  add \u_mac_array.gen_row[5].gen_col[0].u_mac_pe.a_in * \u_mac_array.gen_row[0].gen_col[6].u_mac_pe.b_in (8x8 bits, signed)
  add \u_mac_array.gen_row[5].gen_col[6].u_mac_pe.acc_out (18 bits, signed)
  add \u_mac_array.gen_row[7].gen_col[0].u_mac_pe.a_in * \u_mac_array.gen_row[0].gen_col[1].u_mac_pe.b_in (8x8 bits, signed)
  add \u_mac_array.gen_row[7].gen_col[1].u_mac_pe.acc_out (18 bits, signed)
  add \u_mac_array.gen_row[4].gen_col[0].u_mac_pe.a_in * \u_mac_array.gen_row[0].gen_col[3].u_mac_pe.b_in (8x8 bits, signed)
  add \u_mac_array.gen_row[4].gen_col[3].u_mac_pe.acc_out (18 bits, signed)
  add \u_mac_array.gen_row[7].gen_col[0].u_mac_pe.a_in * \u_mac_array.gen_row[0].gen_col[2].u_mac_pe.b_in (8x8 bits, signed)
  add \u_mac_array.gen_row[7].gen_col[2].u_mac_pe.acc_out (18 bits, signed)
  add \u_mac_array.gen_row[5].gen_col[0].u_mac_pe.a_in * \u_mac_array.gen_row[0].gen_col[2].u_mac_pe.b_in (8x8 bits, signed)
  add \u_mac_array.gen_row[5].gen_col[2].u_mac_pe.acc_out (18 bits, signed)
  add \u_mac_array.gen_row[7].gen_col[0].u_mac_pe.a_in * \u_mac_array.gen_row[0].gen_col[3].u_mac_pe.b_in (8x8 bits, signed)
  add \u_mac_array.gen_row[7].gen_col[3].u_mac_pe.acc_out (18 bits, signed)
  add \u_mac_array.gen_row[4].gen_col[0].u_mac_pe.a_in * \u_mac_array.gen_row[0].gen_col[2].u_mac_pe.b_in (8x8 bits, signed)
  add \u_mac_array.gen_row[4].gen_col[2].u_mac_pe.acc_out (18 bits, signed)
  add \u_mac_array.gen_row[7].gen_col[0].u_mac_pe.a_in * \u_mac_array.gen_row[0].gen_col[4].u_mac_pe.b_in (8x8 bits, signed)
  add \u_mac_array.gen_row[7].gen_col[4].u_mac_pe.acc_out (18 bits, signed)
  add \u_mac_array.gen_row[5].gen_col[0].u_mac_pe.a_in * \u_mac_array.gen_row[0].gen_col[7].u_mac_pe.b_in (8x8 bits, signed)
  add \u_mac_array.gen_row[5].gen_col[7].u_mac_pe.acc_out (18 bits, signed)
  add \u_mac_array.gen_row[7].gen_col[0].u_mac_pe.a_in * \u_mac_array.gen_row[0].gen_col[5].u_mac_pe.b_in (8x8 bits, signed)
  add \u_mac_array.gen_row[7].gen_col[5].u_mac_pe.acc_out (18 bits, signed)
  add \u_mac_array.gen_row[4].gen_col[0].u_mac_pe.a_in * \u_mac_array.gen_row[0].gen_col[1].u_mac_pe.b_in (8x8 bits, signed)
  add \u_mac_array.gen_row[4].gen_col[1].u_mac_pe.acc_out (18 bits, signed)
  add \u_mac_array.gen_row[7].gen_col[0].u_mac_pe.a_in * \u_mac_array.gen_row[0].gen_col[6].u_mac_pe.b_in (8x8 bits, signed)
  add \u_mac_array.gen_row[7].gen_col[6].u_mac_pe.acc_out (18 bits, signed)
  add \u_mac_array.gen_row[5].gen_col[0].u_mac_pe.a_in * \u_mac_array.gen_row[0].gen_col[0].u_mac_pe.b_in (8x8 bits, signed)
  add \u_mac_array.gen_row[5].gen_col[0].u_mac_pe.acc_out (18 bits, signed)
  add \u_mac_array.gen_row[7].gen_col[0].u_mac_pe.a_in * \u_mac_array.gen_row[0].gen_col[7].u_mac_pe.b_in (8x8 bits, signed)
  add \u_mac_array.gen_row[7].gen_col[7].u_mac_pe.acc_out (18 bits, signed)
  add \u_mac_array.gen_row[4].gen_col[0].u_mac_pe.a_in * \u_mac_array.gen_row[0].gen_col[0].u_mac_pe.b_in (8x8 bits, signed)
  add \u_mac_array.gen_row[4].gen_col[0].u_mac_pe.acc_out (18 bits, signed)
  add \u_mac_array.gen_row[6].gen_col[0].u_mac_pe.a_in * \u_mac_array.gen_row[0].gen_col[1].u_mac_pe.b_in (8x8 bits, signed)
  add \u_mac_array.gen_row[6].gen_col[1].u_mac_pe.acc_out (18 bits, signed)
Using template $paramod$constmap:e06a0a1adb0f8985cfbbf8ba025518fcec6d3b16$paramod$3bc42dccc683f8adaddd1d2d9861164873fa59f0\_90_shift_shiftx for cells of type $shiftx.
Using template $paramod$constmap:bd0179485ffac50ce5cd6e81b856558229c4c667$paramod$fbb991f2a0567a8e84b7bb5bc5eb1bf01767a600\_90_shift_shiftx for cells of type $shiftx.
Using template $paramod$constmap:abf52abcfa16254262fd6a4a38ba27697b1cb2ba$paramod$6f85319d2896509a1abbb7aa7b639d84402a5e34\_90_shift_shiftx for cells of type $shiftx.
Using template $paramod$constmap:8c5168090f9e994ed4c15454ceb8d300fdfded1b$paramod$335b564a378c2c507165cc26442e27c749589fcd\_90_shift_shiftx for cells of type $shiftx.
Using template $paramod$constmap:983776bcb68987bb2f62e6db2edd8337b6b40926$paramod$98a254beb8a63cda6053de6908045a952c7dcaf7\_90_shift_shiftx for cells of type $shiftx.
Using template $paramod$constmap:87e30455ab0b60e9a36964a7dca8ede13526f612$paramod$b2bcea525b2b01e3d9eb8dc256edd84c1a7485fe\_90_shift_shiftx for cells of type $shiftx.
Using template $paramod$constmap:655bd20d1162335324a28b059729a400da5db1ae$paramod$dbd1513a8559726b66d886d0aaa86c44311b9a49\_90_shift_shiftx for cells of type $shiftx.
Using template $paramod$constmap:3202eee83b337e7a5a5b3c9bbd4bfa0d85c7982d$paramod$2d1999f3c13c5690ef7d0d261ae4caa5af346a2e\_90_shift_shiftx for cells of type $shiftx.
Using template $paramod$constmap:951b52eaf51e8afddbe80a23a4a4452b3fe600be$paramod$b7c4379ba0227ee3124df6476fe512c8d4ef0d43\_90_shift_shiftx for cells of type $shiftx.
Using template $paramod$constmap:67155b0ac5546b6e3b0660d35a1894f470efacaf$paramod$54141177d552cf0343e863ef7450838ed0d84c66\_90_shift_shiftx for cells of type $shiftx.
Using template $paramod$constmap:1ba5c9596ce2ec8381056221568e88475f50c9e0$paramod$35c1c46226bc3e400333a47d0dddc304930388f9\_90_shift_shiftx for cells of type $shiftx.
Using template $paramod$constmap:04eb9430355564d1f6650329d4628b7ce4774d55$paramod$268fc488e897a7f24f622c52ca3b7d10b7d39ca3\_90_shift_shiftx for cells of type $shiftx.
Using template $paramod$constmap:e9de15aa4c6b756ffd672dd2227afde08c70e54f$paramod$6a90a0525d3c9f8a3b7b540a7c717cb1c87f6b9b\_90_shift_shiftx for cells of type $shiftx.
Using template $paramod$constmap:0733048ec2229f647c1655124798671f0b3ffd8a$paramod$e1e8074d86dbb2f323c97c503e5aa0c4fd565108\_90_shift_shiftx for cells of type $shiftx.
Using template $paramod$constmap:4c0d0d90d7a47105b93479b025f33aa990fb8f1d$paramod$07cef2b4545fdd87912971d9a667b39d8db1b53b\_90_shift_shiftx for cells of type $shiftx.
Using template $paramod$constmap:d8ee401eabc57a7184fa2bb4869ae5aaf96cb584$paramod$31d0d628131460a746d285952005f8f906deb5a2\_90_shift_shiftx for cells of type $shiftx.
Using template $paramod\_90_fa\WIDTH=32'00000000000000000000000000010010 for cells of type $fa.
Using template $paramod$12350b8c8422a70d10b7db4eaae1202a7148b784\_90_alu for cells of type $alu.
Using extmapper simplemap for cells of type $xor.
Using template $paramod\_90_lcu_brent_kung\WIDTH=32'00000000000000000000000000000110 for cells of type $lcu.
Using extmapper simplemap for cells of type $pos.
Using template $paramod\_90_lcu_brent_kung\WIDTH=32'00000000000000000000000000000011 for cells of type $lcu.
Using extmapper simplemap for cells of type $or.
Using template $paramod\_90_lcu_brent_kung\WIDTH=32'00000000000000000000000000010010 for cells of type $lcu.
No more expansions possible.
<suppressed ~13026 debug messages>

6.22. Executing OPT pass (performing simple optimizations).

6.22.1. Executing OPT_EXPR pass (perform const folding).
Optimizing module int8_matmul.
<suppressed ~32927 debug messages>

6.22.2. Executing OPT_MERGE pass (detect identical cells).
Finding identical cells in module `\int8_matmul'.
<suppressed ~73161 debug messages>
Removed a total of 24387 cells.

6.22.3. Executing OPT_DFF pass (perform DFF optimizations).

6.22.4. Executing OPT_CLEAN pass (remove unused cells and wires).
Finding unused cells or wires in module \int8_matmul..
Removed 4375 unused cells and 8803 unused wires.
<suppressed ~4376 debug messages>

6.22.5. Finished fast OPT passes.

6.23. Executing HIERARCHY pass (managing design hierarchy).
Attribute `top' found on module `int8_matmul'. Setting top module to int8_matmul.

6.23.1. Analyzing design hierarchy..
Top module:  \int8_matmul

6.23.2. Analyzing design hierarchy..
Top module:  \int8_matmul
Removed 0 unused modules.

6.24. Printing statistics.

=== int8_matmul ===

   Number of wires:               7171
   Number of wire bits:          86038
   Number of public wires:         940
   Number of public wire bits:   13340
   Number of ports:                 10
   Number of port bits:             34
   Number of memories:               0
   Number of memory bits:            0
   Number of processes:              0
   Number of cells:              44411
     $_AND_                      19614
     $_DFFE_PP_                   1024
     $_MUX_                        971
     $_NOT_                        158
     $_OR_                        7701
     $_SDFFE_PN0P_                  18
     $_SDFFE_PP0N_                1152
     $_SDFF_PN0_                     1
     $_XOR_                      13706
     $scopeinfo                     66

6.25. Executing CHECK pass (checking for obvious problems).
Checking module int8_matmul...
Found and reported 0 problems.

7. Executing CHECK pass (checking for obvious problems).
Checking module int8_matmul...
Found and reported 0 problems.

8. Executing DFFLIBMAP pass (mapping DFF cells to sequential cells from liberty file).
  cell sky130_fd_sc_hd__dfxtp_1 (noninv, pins=3, area=20.02) is a direct match for cell type $_DFF_P_.
  cell sky130_fd_sc_hd__dfrtn_1 (noninv, pins=4, area=25.02) is a direct match for cell type $_DFF_NN0_.
  cell sky130_fd_sc_hd__dfrtp_1 (noninv, pins=4, area=25.02) is a direct match for cell type $_DFF_PN0_.
  cell sky130_fd_sc_hd__dfstp_2 (noninv, pins=4, area=26.28) is a direct match for cell type $_DFF_PN1_.
  cell sky130_fd_sc_hd__edfxtp_1 (noninv, pins=4, area=30.03) is a direct match for cell type $_DFFE_PP_.
  cell sky130_fd_sc_hd__dfbbn_1 (noninv, pins=6, area=32.53) is a direct match for cell type $_DFFSR_NNN_.
  cell sky130_fd_sc_hd__dfbbp_1 (noninv, pins=6, area=32.53) is a direct match for cell type $_DFFSR_PNN_.
  final dff cell mappings:
    unmapped dff cell: $_DFF_N_
    \sky130_fd_sc_hd__dfxtp_1 _DFF_P_ (.CLK( C), .D( D), .Q( Q));
    \sky130_fd_sc_hd__dfrtn_1 _DFF_NN0_ (.CLK_N( C), .D( D), .Q( Q), .RESET_B( R));
    unmapped dff cell: $_DFF_NN1_
    unmapped dff cell: $_DFF_NP0_
    unmapped dff cell: $_DFF_NP1_
    \sky130_fd_sc_hd__dfrtp_1 _DFF_PN0_ (.CLK( C), .D( D), .Q( Q), .RESET_B( R));
    \sky130_fd_sc_hd__dfstp_2 _DFF_PN1_ (.CLK( C), .D( D), .Q( Q), .SET_B( R));
    unmapped dff cell: $_DFF_PP0_
    unmapped dff cell: $_DFF_PP1_
    unmapped dff cell: $_DFFE_NN_
    unmapped dff cell: $_DFFE_NP_
    unmapped dff cell: $_DFFE_PN_
    \sky130_fd_sc_hd__edfxtp_1 _DFFE_PP_ (.CLK( C), .D( D), .DE( E), .Q( Q));
    \sky130_fd_sc_hd__dfbbn_1 _DFFSR_NNN_ (.CLK_N( C), .D( D), .Q( Q), .Q_N(~Q), .RESET_B( R), .SET_B( S));
    unmapped dff cell: $_DFFSR_NNP_
    unmapped dff cell: $_DFFSR_NPN_
    unmapped dff cell: $_DFFSR_NPP_
    \sky130_fd_sc_hd__dfbbp_1 _DFFSR_PNN_ (.CLK( C), .D( D), .Q( Q), .Q_N(~Q), .RESET_B( R), .SET_B( S));
    unmapped dff cell: $_DFFSR_PNP_
    unmapped dff cell: $_DFFSR_PPN_
    unmapped dff cell: $_DFFSR_PPP_

8.1. Executing DFFLEGALIZE pass (convert FFs to types supported by the target).
<suppressed ~24 debug messages>
Mapping DFF cells in module `\int8_matmul':
  mapped 1024 $_DFFE_PP_ cells to \sky130_fd_sc_hd__edfxtp_1 cells.
  mapped 1171 $_DFF_P_ cells to \sky130_fd_sc_hd__dfxtp_1 cells.

9. Executing ABC pass (technology mapping using ABC).

9.1. Extracting gate netlist of module `\int8_matmul' to `<abc-temp-dir>/input.blif'..
Extracted 44491 gates and 46692 wires to a netlist network with 2199 inputs and 1319 outputs.

9.1.1. Executing ABC.
Running ABC command: "<yosys-exe-dir>/yosys-abc" -s -f <abc-temp-dir>/abc.script 2>&1
ABC: ABC command line: "source <abc-temp-dir>/abc.script".
ABC: 
ABC: + read_blif <abc-temp-dir>/input.blif 
ABC: + read_lib -w /home/priya/eda/OpenROAD-flow-scripts/flow/platforms/sky130hd/lib/sky130_fd_sc_hd__tt_025C_1v80.lib 
ABC: Parsing finished successfully.  Parsing time =     0.15 sec
ABC: Scl_LibertyReadGenlib() skipped cell "sky130_fd_sc_hd__decap_12" without logic function.
ABC: Scl_LibertyReadGenlib() skipped cell "sky130_fd_sc_hd__decap_3" without logic function.
ABC: Scl_LibertyReadGenlib() skipped cell "sky130_fd_sc_hd__decap_4" without logic function.
ABC: Scl_LibertyReadGenlib() skipped cell "sky130_fd_sc_hd__decap_6" without logic function.
ABC: Scl_LibertyReadGenlib() skipped cell "sky130_fd_sc_hd__decap_8" without logic function.
ABC: Scl_LibertyReadGenlib() skipped sequential cell "sky130_fd_sc_hd__dfbbn_1".
ABC: Scl_LibertyReadGenlib() skipped sequential cell "sky130_fd_sc_hd__dfbbn_2".
ABC: Scl_LibertyReadGenlib() skipped sequential cell "sky130_fd_sc_hd__dfbbp_1".
ABC: Scl_LibertyReadGenlib() skipped sequential cell "sky130_fd_sc_hd__dfrbp_1".
ABC: Scl_LibertyReadGenlib() skipped sequential cell "sky130_fd_sc_hd__dfrbp_2".
ABC: Scl_LibertyReadGenlib() skipped sequential cell "sky130_fd_sc_hd__dfrtn_1".
ABC: Scl_LibertyReadGenlib() skipped sequential cell "sky130_fd_sc_hd__dfrtp_1".
ABC: Scl_LibertyReadGenlib() skipped sequential cell "sky130_fd_sc_hd__dfrtp_2".
ABC: Scl_LibertyReadGenlib() skipped sequential cell "sky130_fd_sc_hd__dfrtp_4".
ABC: Scl_LibertyReadGenlib() skipped sequential cell "sky130_fd_sc_hd__dfsbp_1".
ABC: Scl_LibertyReadGenlib() skipped sequential cell "sky130_fd_sc_hd__dfsbp_2".
ABC: Scl_LibertyReadGenlib() skipped sequential cell "sky130_fd_sc_hd__dfstp_1".
ABC: Scl_LibertyReadGenlib() skipped sequential cell "sky130_fd_sc_hd__dfstp_2".
ABC: Scl_LibertyReadGenlib() skipped sequential cell "sky130_fd_sc_hd__dfstp_4".
ABC: Scl_LibertyReadGenlib() skipped sequential cell "sky130_fd_sc_hd__dfxbp_1".
ABC: Scl_LibertyReadGenlib() skipped sequential cell "sky130_fd_sc_hd__dfxbp_2".
ABC: Scl_LibertyReadGenlib() skipped sequential cell "sky130_fd_sc_hd__dfxtp_1".
ABC: Scl_LibertyReadGenlib() skipped sequential cell "sky130_fd_sc_hd__dfxtp_2".
ABC: Scl_LibertyReadGenlib() skipped sequential cell "sky130_fd_sc_hd__dfxtp_4".
ABC: Scl_LibertyReadGenlib() skipped cell "sky130_fd_sc_hd__diode_2" without logic function.
ABC: Scl_LibertyReadGenlib() skipped cell "sky130_fd_sc_hd__dlclkp_1" without logic function.
ABC: Scl_LibertyReadGenlib() skipped cell "sky130_fd_sc_hd__dlclkp_2" without logic function.
ABC: Scl_LibertyReadGenlib() skipped cell "sky130_fd_sc_hd__dlclkp_4" without logic function.
ABC: Scl_LibertyReadGenlib() skipped sequential cell "sky130_fd_sc_hd__dlrbn_1".
ABC: Scl_LibertyReadGenlib() skipped sequential cell "sky130_fd_sc_hd__dlrbn_2".
ABC: Scl_LibertyReadGenlib() skipped sequential cell "sky130_fd_sc_hd__dlrbp_1".
ABC: Scl_LibertyReadGenlib() skipped sequential cell "sky130_fd_sc_hd__dlrbp_2".
ABC: Scl_LibertyReadGenlib() skipped sequential cell "sky130_fd_sc_hd__dlrtn_1".
ABC: Scl_LibertyReadGenlib() skipped sequential cell "sky130_fd_sc_hd__dlrtn_2".
ABC: Scl_LibertyReadGenlib() skipped sequential cell "sky130_fd_sc_hd__dlrtn_4".
ABC: Scl_LibertyReadGenlib() skipped sequential cell "sky130_fd_sc_hd__dlrtp_1".
ABC: Scl_LibertyReadGenlib() skipped sequential cell "sky130_fd_sc_hd__dlrtp_2".
ABC: Scl_LibertyReadGenlib() skipped sequential cell "sky130_fd_sc_hd__dlrtp_4".
ABC: Scl_LibertyReadGenlib() skipped sequential cell "sky130_fd_sc_hd__dlxbn_1".
ABC: Scl_LibertyReadGenlib() skipped sequential cell "sky130_fd_sc_hd__dlxbn_2".
ABC: Scl_LibertyReadGenlib() skipped sequential cell "sky130_fd_sc_hd__dlxbp_1".
ABC: Scl_LibertyReadGenlib() skipped sequential cell "sky130_fd_sc_hd__dlxtn_1".
ABC: Scl_LibertyReadGenlib() skipped sequential cell "sky130_fd_sc_hd__dlxtn_2".
ABC: Scl_LibertyReadGenlib() skipped sequential cell "sky130_fd_sc_hd__dlxtn_4".
ABC: Scl_LibertyReadGenlib() skipped sequential cell "sky130_fd_sc_hd__dlxtp_1".
ABC: Scl_LibertyReadGenlib() skipped three-state cell "sky130_fd_sc_hd__ebufn_1".
ABC: Scl_LibertyReadGenlib() skipped three-state cell "sky130_fd_sc_hd__ebufn_2".
ABC: Scl_LibertyReadGenlib() skipped three-state cell "sky130_fd_sc_hd__ebufn_4".
ABC: Scl_LibertyReadGenlib() skipped three-state cell "sky130_fd_sc_hd__ebufn_8".
ABC: Scl_LibertyReadGenlib() skipped sequential cell "sky130_fd_sc_hd__edfxbp_1".
ABC: Scl_LibertyReadGenlib() skipped sequential cell "sky130_fd_sc_hd__edfxtp_1".
ABC: Scl_LibertyReadGenlib() skipped three-state cell "sky130_fd_sc_hd__einvn_0".
ABC: Scl_LibertyReadGenlib() skipped three-state cell "sky130_fd_sc_hd__einvn_1".
ABC: Scl_LibertyReadGenlib() skipped three-state cell "sky130_fd_sc_hd__einvn_2".
ABC: Scl_LibertyReadGenlib() skipped three-state cell "sky130_fd_sc_hd__einvn_4".
ABC: Scl_LibertyReadGenlib() skipped three-state cell "sky130_fd_sc_hd__einvn_8".
ABC: Scl_LibertyReadGenlib() skipped three-state cell "sky130_fd_sc_hd__einvp_1".
ABC: Scl_LibertyReadGenlib() skipped three-state cell "sky130_fd_sc_hd__einvp_2".
ABC: Scl_LibertyReadGenlib() skipped three-state cell "sky130_fd_sc_hd__einvp_4".
ABC: Scl_LibertyReadGenlib() skipped three-state cell "sky130_fd_sc_hd__einvp_8".
ABC: Scl_LibertyReadGenlib() skipped cell "sky130_fd_sc_hd__lpflow_bleeder_1" without logic function.
ABC: Scl_LibertyReadGenlib() skipped cell "sky130_fd_sc_hd__lpflow_decapkapwr_12" without logic function.
ABC: Scl_LibertyReadGenlib() skipped cell "sky130_fd_sc_hd__lpflow_decapkapwr_3" without logic function.
ABC: Scl_LibertyReadGenlib() skipped cell "sky130_fd_sc_hd__lpflow_decapkapwr_4" without logic function.
ABC: Scl_LibertyReadGenlib() skipped cell "sky130_fd_sc_hd__lpflow_decapkapwr_6" without logic function.
ABC: Scl_LibertyReadGenlib() skipped cell "sky130_fd_sc_hd__lpflow_decapkapwr_8" without logic function.
ABC: Scl_LibertyReadGenlib() skipped sequential cell "sky130_fd_sc_hd__lpflow_inputisolatch_1".
ABC: Scl_LibertyReadGenlib() skipped sequential cell "sky130_fd_sc_hd__sdfbbn_1".
ABC: Scl_LibertyReadGenlib() skipped sequential cell "sky130_fd_sc_hd__sdfbbn_2".
ABC: Scl_LibertyReadGenlib() skipped sequential cell "sky130_fd_sc_hd__sdfbbp_1".
ABC: Scl_LibertyReadGenlib() skipped sequential cell "sky130_fd_sc_hd__sdfrbp_1".
ABC: Scl_LibertyReadGenlib() skipped sequential cell "sky130_fd_sc_hd__sdfrbp_2".
ABC: Scl_LibertyReadGenlib() skipped sequential cell "sky130_fd_sc_hd__sdfrtn_1".
ABC: Scl_LibertyReadGenlib() skipped sequential cell "sky130_fd_sc_hd__sdfrtp_1".
ABC: Scl_LibertyReadGenlib() skipped sequential cell "sky130_fd_sc_hd__sdfrtp_2".
ABC: Scl_LibertyReadGenlib() skipped sequential cell "sky130_fd_sc_hd__sdfrtp_4".
ABC: Scl_LibertyReadGenlib() skipped sequential cell "sky130_fd_sc_hd__sdfsbp_1".
ABC: Scl_LibertyReadGenlib() skipped sequential cell "sky130_fd_sc_hd__sdfsbp_2".
ABC: Scl_LibertyReadGenlib() skipped sequential cell "sky130_fd_sc_hd__sdfstp_1".
ABC: Scl_LibertyReadGenlib() skipped sequential cell "sky130_fd_sc_hd__sdfstp_2".
ABC: Scl_LibertyReadGenlib() skipped sequential cell "sky130_fd_sc_hd__sdfstp_4".
ABC: Scl_LibertyReadGenlib() skipped sequential cell "sky130_fd_sc_hd__sdfxbp_1".
ABC: Scl_LibertyReadGenlib() skipped sequential cell "sky130_fd_sc_hd__sdfxbp_2".
ABC: Scl_LibertyReadGenlib() skipped sequential cell "sky130_fd_sc_hd__sdfxtp_1".
ABC: Scl_LibertyReadGenlib() skipped sequential cell "sky130_fd_sc_hd__sdfxtp_2".
ABC: Scl_LibertyReadGenlib() skipped sequential cell "sky130_fd_sc_hd__sdfxtp_4".
ABC: Scl_LibertyReadGenlib() skipped cell "sky130_fd_sc_hd__sdlclkp_1" without logic function.
ABC: Scl_LibertyReadGenlib() skipped cell "sky130_fd_sc_hd__sdlclkp_2" without logic function.
ABC: Scl_LibertyReadGenlib() skipped cell "sky130_fd_sc_hd__sdlclkp_4" without logic function.
ABC: Scl_LibertyReadGenlib() skipped sequential cell "sky130_fd_sc_hd__sedfxbp_1".
ABC: Scl_LibertyReadGenlib() skipped sequential cell "sky130_fd_sc_hd__sedfxbp_2".
ABC: Scl_LibertyReadGenlib() skipped sequential cell "sky130_fd_sc_hd__sedfxtp_1".
ABC: Scl_LibertyReadGenlib() skipped sequential cell "sky130_fd_sc_hd__sedfxtp_2".
ABC: Scl_LibertyReadGenlib() skipped sequential cell "sky130_fd_sc_hd__sedfxtp_4".
ABC: Library "sky130_fd_sc_hd__tt_025C_1v80" from "/home/priya/eda/OpenROAD-flow-scripts/flow/platforms/sky130hd/lib/sky130_fd_sc_hd__tt_025C_1v80.lib" has 334 cells (94 skipped: 63 seq; 13 tri-state; 18 no func; 0 dont_use).  Time =     0.24 sec
ABC: Memory =   19.81 MB. Time =     0.24 sec
ABC: Warning: Detected 9 multi-output gates (for example, "sky130_fd_sc_hd__fa_1").
ABC: + strash 
ABC: + &get -n 
ABC: + &fraig -x 
ABC: + &put 
ABC: + scorr 
ABC: Warning: The network is combinational (run "fraig" or "fraig_sweep").
ABC: + dc2 
ABC: + dretime 
ABC: + strash 
ABC: + &get -n 
ABC: + &dch -f 
ABC: + &nf 
ABC: + &put 
ABC: + write_blif <abc-temp-dir>/output.blif 

9.1.2. Re-integrating ABC results.
ABC RESULTS:   sky130_fd_sc_hd__a2111oi_0 cells:        9
ABC RESULTS:   sky130_fd_sc_hd__a211o_1 cells:        3
ABC RESULTS:   sky130_fd_sc_hd__a211oi_1 cells:       30
ABC RESULTS:   sky130_fd_sc_hd__a21bo_1 cells:      125
ABC RESULTS:   sky130_fd_sc_hd__a21boi_0 cells:      278
ABC RESULTS:   sky130_fd_sc_hd__a21o_1 cells:      292
ABC RESULTS:   sky130_fd_sc_hd__a21oi_1 cells:     2558
ABC RESULTS:   sky130_fd_sc_hd__a221o_1 cells:        1
ABC RESULTS:   sky130_fd_sc_hd__a221oi_1 cells:       48
ABC RESULTS:   sky130_fd_sc_hd__a222oi_1 cells:      215
ABC RESULTS:   sky130_fd_sc_hd__a22o_1 cells:       77
ABC RESULTS:   sky130_fd_sc_hd__a22oi_1 cells:      381
ABC RESULTS:   sky130_fd_sc_hd__a2bb2oi_1 cells:       63
ABC RESULTS:   sky130_fd_sc_hd__a311o_1 cells:        3
ABC RESULTS:   sky130_fd_sc_hd__a311oi_1 cells:        8
ABC RESULTS:   sky130_fd_sc_hd__a31o_1 cells:        8
ABC RESULTS:   sky130_fd_sc_hd__a31oi_1 cells:       68
ABC RESULTS:   sky130_fd_sc_hd__a32o_1 cells:        2
ABC RESULTS:   sky130_fd_sc_hd__a32oi_1 cells:       70
ABC RESULTS:   sky130_fd_sc_hd__a41o_1 cells:        4
ABC RESULTS:   sky130_fd_sc_hd__a41oi_1 cells:       12
ABC RESULTS:   sky130_fd_sc_hd__and2_0 cells:      248
ABC RESULTS:   sky130_fd_sc_hd__and3_1 cells:      168
ABC RESULTS:   sky130_fd_sc_hd__and3b_1 cells:       11
ABC RESULTS:   sky130_fd_sc_hd__and4_1 cells:        3
ABC RESULTS:   sky130_fd_sc_hd__clkinv_1 cells:      485
ABC RESULTS:   sky130_fd_sc_hd__lpflow_inputiso1p_1 cells:      234
ABC RESULTS:   sky130_fd_sc_hd__lpflow_isobufsrc_1 cells:      371
ABC RESULTS:   sky130_fd_sc_hd__maj3_1 cells:     1815
ABC RESULTS:   sky130_fd_sc_hd__mux2_1 cells:      122
ABC RESULTS:   sky130_fd_sc_hd__mux2i_1 cells:      144
ABC RESULTS:   sky130_fd_sc_hd__mux4_2 cells:      256
ABC RESULTS:   sky130_fd_sc_hd__nand2_1 cells:     3360
ABC RESULTS:   sky130_fd_sc_hd__nand2b_1 cells:      618
ABC RESULTS:   sky130_fd_sc_hd__nand3_1 cells:      524
ABC RESULTS:   sky130_fd_sc_hd__nand3b_1 cells:       42
ABC RESULTS:   sky130_fd_sc_hd__nand4_1 cells:      269
ABC RESULTS:   sky130_fd_sc_hd__nand4b_1 cells:        2
ABC RESULTS:   sky130_fd_sc_hd__nand4bb_1 cells:        1
ABC RESULTS:   sky130_fd_sc_hd__nor2_1 cells:     4261
ABC RESULTS:   sky130_fd_sc_hd__nor2b_1 cells:      103
ABC RESULTS:   sky130_fd_sc_hd__nor3_1 cells:      530
ABC RESULTS:   sky130_fd_sc_hd__nor3b_1 cells:       37
ABC RESULTS:   sky130_fd_sc_hd__nor4_1 cells:      183
ABC RESULTS:   sky130_fd_sc_hd__nor4b_1 cells:       10
ABC RESULTS:   sky130_fd_sc_hd__nor4bb_1 cells:        1
ABC RESULTS:   sky130_fd_sc_hd__o2111ai_1 cells:        1
ABC RESULTS:   sky130_fd_sc_hd__o211a_1 cells:       14
ABC RESULTS:   sky130_fd_sc_hd__o211ai_1 cells:       33
ABC RESULTS:   sky130_fd_sc_hd__o21a_1 cells:      151
ABC RESULTS:   sky130_fd_sc_hd__o21ai_0 cells:     2488
ABC RESULTS:   sky130_fd_sc_hd__o21ba_1 cells:        5
ABC RESULTS:   sky130_fd_sc_hd__o21bai_1 cells:       45
ABC RESULTS:   sky130_fd_sc_hd__o221a_1 cells:        3
ABC RESULTS:   sky130_fd_sc_hd__o221ai_1 cells:        8
ABC RESULTS:   sky130_fd_sc_hd__o22a_1 cells:       35
ABC RESULTS:   sky130_fd_sc_hd__o22ai_1 cells:      637
ABC RESULTS:   sky130_fd_sc_hd__o2bb2a_1 cells:      115
ABC RESULTS:   sky130_fd_sc_hd__o2bb2ai_1 cells:       30
ABC RESULTS:   sky130_fd_sc_hd__o311ai_0 cells:        6
ABC RESULTS:   sky130_fd_sc_hd__o31a_1 cells:       14
ABC RESULTS:   sky130_fd_sc_hd__o31ai_1 cells:      127
ABC RESULTS:   sky130_fd_sc_hd__o32a_1 cells:       21
ABC RESULTS:   sky130_fd_sc_hd__o32ai_1 cells:       34
ABC RESULTS:   sky130_fd_sc_hd__o41ai_1 cells:        3
ABC RESULTS:   sky130_fd_sc_hd__or3_1 cells:      122
ABC RESULTS:   sky130_fd_sc_hd__or3b_1 cells:        2
ABC RESULTS:   sky130_fd_sc_hd__or4_1 cells:       86
ABC RESULTS:   sky130_fd_sc_hd__or4b_1 cells:        2
ABC RESULTS:   sky130_fd_sc_hd__xnor2_1 cells:     6665
ABC RESULTS:   sky130_fd_sc_hd__xnor3_1 cells:      655
ABC RESULTS:   sky130_fd_sc_hd__xor2_1 cells:     2900
ABC RESULTS:   sky130_fd_sc_hd__xor3_1 cells:      251
ABC RESULTS:        internal signals:    43174
ABC RESULTS:           input signals:     2199
ABC RESULTS:          output signals:     1319
Removing temp directory.
Removed 0 unused cells and 11186 unused wires.

10. Printing statistics.

=== int8_matmul ===

   Number of wires:              33031
   Number of wire bits:          43637
   Number of public wires:         545
   Number of public wire bits:   11151
   Number of ports:                 10
   Number of port bits:             34
   Number of memories:               0
   Number of memory bits:            0
   Number of processes:              0
   Number of cells:              34701
     sky130_fd_sc_hd__a2111oi_0      9
     sky130_fd_sc_hd__a211o_1        3
     sky130_fd_sc_hd__a211oi_1      30
     sky130_fd_sc_hd__a21bo_1      125
     sky130_fd_sc_hd__a21boi_0     278
     sky130_fd_sc_hd__a21o_1       292
     sky130_fd_sc_hd__a21oi_1     2558
     sky130_fd_sc_hd__a221o_1        1
     sky130_fd_sc_hd__a221oi_1      48
     sky130_fd_sc_hd__a222oi_1     215
     sky130_fd_sc_hd__a22o_1        77
     sky130_fd_sc_hd__a22oi_1      381
     sky130_fd_sc_hd__a2bb2oi_1     63
     sky130_fd_sc_hd__a311o_1        3
     sky130_fd_sc_hd__a311oi_1       8
     sky130_fd_sc_hd__a31o_1         8
     sky130_fd_sc_hd__a31oi_1       68
     sky130_fd_sc_hd__a32o_1         2
     sky130_fd_sc_hd__a32oi_1       70
     sky130_fd_sc_hd__a41o_1         4
     sky130_fd_sc_hd__a41oi_1       12
     sky130_fd_sc_hd__and2_0       248
     sky130_fd_sc_hd__and3_1       168
     sky130_fd_sc_hd__and3b_1       11
     sky130_fd_sc_hd__and4_1         3
     sky130_fd_sc_hd__clkinv_1     485
     sky130_fd_sc_hd__dfxtp_1     1171
     sky130_fd_sc_hd__edfxtp_1    1024
     sky130_fd_sc_hd__lpflow_inputiso1p_1    234
     sky130_fd_sc_hd__lpflow_isobufsrc_1    371
     sky130_fd_sc_hd__maj3_1      1815
     sky130_fd_sc_hd__mux2_1       122
     sky130_fd_sc_hd__mux2i_1      144
     sky130_fd_sc_hd__mux4_2       256
     sky130_fd_sc_hd__nand2_1     3360
     sky130_fd_sc_hd__nand2b_1     618
     sky130_fd_sc_hd__nand3_1      524
     sky130_fd_sc_hd__nand3b_1      42
     sky130_fd_sc_hd__nand4_1      269
     sky130_fd_sc_hd__nand4b_1       2
     sky130_fd_sc_hd__nand4bb_1      1
     sky130_fd_sc_hd__nor2_1      4261
     sky130_fd_sc_hd__nor2b_1      103
     sky130_fd_sc_hd__nor3_1       530
     sky130_fd_sc_hd__nor3b_1       37
     sky130_fd_sc_hd__nor4_1       183
     sky130_fd_sc_hd__nor4b_1       10
     sky130_fd_sc_hd__nor4bb_1       1
     sky130_fd_sc_hd__o2111ai_1      1
     sky130_fd_sc_hd__o211a_1       14
     sky130_fd_sc_hd__o211ai_1      33
     sky130_fd_sc_hd__o21a_1       151
     sky130_fd_sc_hd__o21ai_0     2488
     sky130_fd_sc_hd__o21ba_1        5
     sky130_fd_sc_hd__o21bai_1      45
     sky130_fd_sc_hd__o221a_1        3
     sky130_fd_sc_hd__o221ai_1       8
     sky130_fd_sc_hd__o22a_1        35
     sky130_fd_sc_hd__o22ai_1      637
     sky130_fd_sc_hd__o2bb2a_1     115
     sky130_fd_sc_hd__o2bb2ai_1     30
     sky130_fd_sc_hd__o311ai_0       6
     sky130_fd_sc_hd__o31a_1        14
     sky130_fd_sc_hd__o31ai_1      127
     sky130_fd_sc_hd__o32a_1        21
     sky130_fd_sc_hd__o32ai_1       34
     sky130_fd_sc_hd__o41ai_1        3
     sky130_fd_sc_hd__or3_1        122
     sky130_fd_sc_hd__or3b_1         2
     sky130_fd_sc_hd__or4_1         86
     sky130_fd_sc_hd__or4b_1         2
     sky130_fd_sc_hd__xnor2_1     6665
     sky130_fd_sc_hd__xnor3_1      655
     sky130_fd_sc_hd__xor2_1      2900
     sky130_fd_sc_hd__xor3_1       251

   Chip area for module '\int8_matmul': 285696.505600
     of which used for sequential elements: 54191.974400 (18.97%)

11. Executing Verilog backend.

11.1. Executing BMUXMAP pass.

11.2. Executing DEMUXMAP pass.
Dumping module `\int8_matmul'.

12. Executing JSON backend.

Warnings: 1 unique messages, 1 total
End of script. Logfile hash: 238ecae9b3, CPU: user 15.94s system 0.48s, MEM: 236.45 MB peak
Yosys 0.52 (git sha1 fee39a3284c90249e1d9684cf6944ffbbcbb8f90)
Time spent: 40% 1x abc (10 sec), 11% 55x opt_expr (2 sec), ...
